PBid,PAsk,Type,Strike,dtExpiry,dtTrade,Spot
1087.3,1091.1,C,200.0,2011-01-19,2011-01-24,1290.59
987.3,991.0,C,300.0,2011-01-19,2011-01-24,1290.59
937.3,941.2,C,350.0,2011-01-19,2011-01-24,1290.59
887.3,891.1,C,400.0,2011-01-19,2011-01-24,1290.59
837.3,841.2,C,450.0,2011-01-19,2011-01-24,1290.59
787.4,791.1,C,500.0,2011-01-19,2011-01-24,1290.59
737.4,741.1,C,550.0,2011-01-19,2011-01-24,1290.59
687.4,691.1,C,600.0,2011-01-19,2011-01-24,1290.59
637.4,641.2,C,650.0,2011-01-19,2011-01-24,1290.59
612.4,616.3,C,675.0,2011-01-19,2011-01-24,1290.59
587.4,591.3,C,700.0,2011-01-19,2011-01-24,1290.59
562.4,566.3,C,725.0,2011-01-19,2011-01-24,1290.59
537.4,541.3,C,750.0,2011-01-19,2011-01-24,1290.59
512.4,516.2,C,775.0,2011-01-19,2011-01-24,1290.59
507.4,511.3,C,780.0,2011-01-19,2011-01-24,1290.59
502.4,506.2,C,785.0,2011-01-19,2011-01-24,1290.59
497.4,501.2,C,790.0,2011-01-19,2011-01-24,1290.59
492.4,496.2,C,795.0,2011-01-19,2011-01-24,1290.59
487.4,491.3,C,800.0,2011-01-19,2011-01-24,1290.59
482.5,486.3,C,805.0,2011-01-19,2011-01-24,1290.59
477.5,481.2,C,810.0,2011-01-19,2011-01-24,1290.59
472.5,476.2,C,815.0,2011-01-19,2011-01-24,1290.59
467.5,471.2,C,820.0,2011-01-19,2011-01-24,1290.59
462.5,466.2,C,825.0,2011-01-19,2011-01-24,1290.59
457.5,461.3,C,830.0,2011-01-19,2011-01-24,1290.59
452.5,456.3,C,835.0,2011-01-19,2011-01-24,1290.59
447.5,451.3,C,840.0,2011-01-19,2011-01-24,1290.59
442.5,446.3,C,845.0,2011-01-19,2011-01-24,1290.59
437.5,441.3,C,850.0,2011-01-19,2011-01-24,1290.59
432.5,436.2,C,855.0,2011-01-19,2011-01-24,1290.59
427.5,431.2,C,860.0,2011-01-19,2011-01-24,1290.59
422.5,426.2,C,865.0,2011-01-19,2011-01-24,1290.59
417.5,421.3,C,870.0,2011-01-19,2011-01-24,1290.59
412.5,416.3,C,875.0,2011-01-19,2011-01-24,1290.59
407.5,411.3,C,880.0,2011-01-19,2011-01-24,1290.59
402.5,406.3,C,885.0,2011-01-19,2011-01-24,1290.59
397.5,401.3,C,890.0,2011-01-19,2011-01-24,1290.59
392.5,396.4,C,895.0,2011-01-19,2011-01-24,1290.59
387.6,391.3,C,900.0,2011-01-19,2011-01-24,1290.59
382.6,386.4,C,905.0,2011-01-19,2011-01-24,1290.59
377.7,381.4,C,910.0,2011-01-19,2011-01-24,1290.59
372.7,376.4,C,915.0,2011-01-19,2011-01-24,1290.59
367.7,371.5,C,920.0,2011-01-19,2011-01-24,1290.59
362.7,366.5,C,925.0,2011-01-19,2011-01-24,1290.59
357.7,361.6,C,930.0,2011-01-19,2011-01-24,1290.59
352.7,356.5,C,935.0,2011-01-19,2011-01-24,1290.59
347.7,351.5,C,940.0,2011-01-19,2011-01-24,1290.59
342.7,346.6,C,945.0,2011-01-19,2011-01-24,1290.59
337.8,341.6,C,950.0,2011-01-19,2011-01-24,1290.59
332.8,336.5,C,955.0,2011-01-19,2011-01-24,1290.59
327.8,331.5,C,960.0,2011-01-19,2011-01-24,1290.59
322.8,326.6,C,965.0,2011-01-19,2011-01-24,1290.59
317.8,321.5,C,970.0,2011-01-19,2011-01-24,1290.59
312.8,316.6,C,975.0,2011-01-19,2011-01-24,1290.59
307.8,311.6,C,980.0,2011-01-19,2011-01-24,1290.59
302.8,306.7,C,985.0,2011-01-19,2011-01-24,1290.59
297.9,301.6,C,990.0,2011-01-19,2011-01-24,1290.59
292.9,296.7,C,995.0,2011-01-19,2011-01-24,1290.59
287.9,291.6,C,1000.0,2011-01-19,2011-01-24,1290.59
282.9,286.8,C,1005.0,2011-01-19,2011-01-24,1290.59
277.9,281.8,C,1010.0,2011-01-19,2011-01-24,1290.59
272.9,276.8,C,1015.0,2011-01-19,2011-01-24,1290.59
268.0,271.7,C,1020.0,2011-01-19,2011-01-24,1290.59
263.0,266.8,C,1025.0,2011-01-19,2011-01-24,1290.59
258.0,261.9,C,1030.0,2011-01-19,2011-01-24,1290.59
253.1,256.9,C,1035.0,2011-01-19,2011-01-24,1290.59
248.1,251.8,C,1040.0,2011-01-19,2011-01-24,1290.59
243.1,247.0,C,1045.0,2011-01-19,2011-01-24,1290.59
238.2,241.9,C,1050.0,2011-01-19,2011-01-24,1290.59
233.2,237.0,C,1055.0,2011-01-19,2011-01-24,1290.59
228.3,232.0,C,1060.0,2011-01-19,2011-01-24,1290.59
223.3,227.2,C,1065.0,2011-01-19,2011-01-24,1290.59
218.4,222.1,C,1070.0,2011-01-19,2011-01-24,1290.59
213.4,217.2,C,1075.0,2011-01-19,2011-01-24,1290.59
208.5,212.2,C,1080.0,2011-01-19,2011-01-24,1290.59
203.5,207.4,C,1085.0,2011-01-19,2011-01-24,1290.59
198.6,202.4,C,1090.0,2011-01-19,2011-01-24,1290.59
193.6,197.4,C,1095.0,2011-01-19,2011-01-24,1290.59
188.7,192.5,C,1100.0,2011-01-19,2011-01-24,1290.59
183.7,187.6,C,1105.0,2011-01-19,2011-01-24,1290.59
178.8,182.5,C,1110.0,2011-01-19,2011-01-24,1290.59
173.8,177.7,C,1115.0,2011-01-19,2011-01-24,1290.59
168.9,172.6,C,1120.0,2011-01-19,2011-01-24,1290.59
163.9,167.8,C,1125.0,2011-01-19,2011-01-24,1290.59
159.0,162.9,C,1130.0,2011-01-19,2011-01-24,1290.59
154.1,157.9,C,1135.0,2011-01-19,2011-01-24,1290.59
149.2,153.1,C,1140.0,2011-01-19,2011-01-24,1290.59
144.3,148.1,C,1145.0,2011-01-19,2011-01-24,1290.59
139.4,143.3,C,1150.0,2011-01-19,2011-01-24,1290.59
134.5,138.4,C,1155.0,2011-01-19,2011-01-24,1290.59
129.6,133.4,C,1160.0,2011-01-19,2011-01-24,1290.59
124.8,128.5,C,1165.0,2011-01-19,2011-01-24,1290.59
119.9,123.7,C,1170.0,2011-01-19,2011-01-24,1290.59
115.0,118.9,C,1175.0,2011-01-19,2011-01-24,1290.59
110.2,114.1,C,1180.0,2011-01-19,2011-01-24,1290.59
105.4,109.2,C,1185.0,2011-01-19,2011-01-24,1290.59
100.5,104.4,C,1190.0,2011-01-19,2011-01-24,1290.59
95.8,99.5,C,1195.0,2011-01-19,2011-01-24,1290.59
91.0,94.8,C,1200.0,2011-01-19,2011-01-24,1290.59
86.3,90.1,C,1205.0,2011-01-19,2011-01-24,1290.59
81.5,85.3,C,1210.0,2011-01-19,2011-01-24,1290.59
76.9,80.7,C,1215.0,2011-01-19,2011-01-24,1290.59
72.2,76.0,C,1220.0,2011-01-19,2011-01-24,1290.59
67.7,71.6,C,1225.0,2011-01-19,2011-01-24,1290.59
63.1,66.9,C,1230.0,2011-01-19,2011-01-24,1290.59
58.7,62.6,C,1235.0,2011-01-19,2011-01-24,1290.59
54.3,58.2,C,1240.0,2011-01-19,2011-01-24,1290.59
49.7,53.5,C,1245.0,2011-01-19,2011-01-24,1290.59
45.5,49.3,C,1250.0,2011-01-19,2011-01-24,1290.59
41.6,45.2,C,1255.0,2011-01-19,2011-01-24,1290.59
37.5,41.2,C,1260.0,2011-01-19,2011-01-24,1290.59
33.6,37.3,C,1265.0,2011-01-19,2011-01-24,1290.59
29.7,33.5,C,1270.0,2011-01-19,2011-01-24,1290.59
26.1,30.0,C,1275.0,2011-01-19,2011-01-24,1290.59
22.8,25.0,C,1280.0,2011-01-19,2011-01-24,1290.59
19.9,23.0,C,1285.0,2011-01-19,2011-01-24,1290.59
17.0,18.9,C,1290.0,2011-01-19,2011-01-24,1290.59
14.2,17.2,C,1295.0,2011-01-19,2011-01-24,1290.59
12.5,13.5,C,1300.0,2011-01-19,2011-01-24,1290.59
9.9,11.8,C,1305.0,2011-01-19,2011-01-24,1290.59
7.9,9.0,C,1310.0,2011-01-19,2011-01-24,1290.59
6.2,8.0,C,1315.0,2011-01-19,2011-01-24,1290.59
4.8,5.9,C,1320.0,2011-01-19,2011-01-24,1290.59
4.0,4.5,C,1325.0,2011-01-19,2011-01-24,1290.59
2.5,3.5,C,1330.0,2011-01-19,2011-01-24,1290.59
2.2,3.0,C,1335.0,2011-01-19,2011-01-24,1290.59
1.6,2.0,C,1340.0,2011-01-19,2011-01-24,1290.59
1.0,1.75,C,1345.0,2011-01-19,2011-01-24,1290.59
1.05,1.2,C,1350.0,2011-01-19,2011-01-24,1290.59
0.7,0.95,C,1355.0,2011-01-19,2011-01-24,1290.59
0.5,0.75,C,1360.0,2011-01-19,2011-01-24,1290.59
0.3,0.6,C,1365.0,2011-01-19,2011-01-24,1290.59
0.3,0.5,C,1370.0,2011-01-19,2011-01-24,1290.59
0.3,0.45,C,1375.0,2011-01-19,2011-01-24,1290.59
0.2,0.4,C,1380.0,2011-01-19,2011-01-24,1290.59
0.15,1.0,C,1385.0,2011-01-19,2011-01-24,1290.59
0.15,0.45,C,1390.0,2011-01-19,2011-01-24,1290.59
0.15,0.4,C,1395.0,2011-01-19,2011-01-24,1290.59
0.15,0.25,C,1400.0,2011-01-19,2011-01-24,1290.59
0.1,0.5,C,1410.0,2011-01-19,2011-01-24,1290.59
0.1,0.2,C,1420.0,2011-01-19,2011-01-24,1290.59
0.1,0.15,C,1425.0,2011-01-19,2011-01-24,1290.59
0.05,0.15,C,1440.0,2011-01-19,2011-01-24,1290.59
0.05,0.2,C,1450.0,2011-01-19,2011-01-24,1290.59
0.05,0.1,C,1460.0,2011-01-19,2011-01-24,1290.59
0.05,0.1,C,1470.0,2011-01-19,2011-01-24,1290.59
0.05,0.1,C,1475.0,2011-01-19,2011-01-24,1290.59
1185.2,1189.0,C,100.0,2011-02-19,2011-01-24,1290.59
1085.3,1089.1,C,200.0,2011-02-19,2011-01-24,1290.59
1035.3,1039.2,C,250.0,2011-02-19,2011-01-24,1290.59
985.3,989.2,C,300.0,2011-02-19,2011-01-24,1290.59
960.3,964.1,C,325.0,2011-02-19,2011-01-24,1290.59
935.4,939.1,C,350.0,2011-02-19,2011-01-24,1290.59
885.4,889.1,C,400.0,2011-02-19,2011-01-24,1290.59
860.4,864.2,C,425.0,2011-02-19,2011-01-24,1290.59
835.4,839.3,C,450.0,2011-02-19,2011-01-24,1290.59
810.4,814.2,C,475.0,2011-02-19,2011-01-24,1290.59
785.5,789.3,C,500.0,2011-02-19,2011-01-24,1290.59
760.5,764.2,C,525.0,2011-02-19,2011-01-24,1290.59
735.5,739.2,C,550.0,2011-02-19,2011-01-24,1290.59
710.5,714.2,C,575.0,2011-02-19,2011-01-24,1290.59
685.5,689.4,C,600.0,2011-02-19,2011-01-24,1290.59
660.5,664.3,C,625.0,2011-02-19,2011-01-24,1290.59
635.5,639.3,C,650.0,2011-02-19,2011-01-24,1290.59
610.6,614.4,C,675.0,2011-02-19,2011-01-24,1290.59
585.6,589.4,C,700.0,2011-02-19,2011-01-24,1290.59
560.6,564.4,C,725.0,2011-02-19,2011-01-24,1290.59
535.7,539.4,C,750.0,2011-02-19,2011-01-24,1290.59
510.8,514.7,C,775.0,2011-02-19,2011-01-24,1290.59
505.8,509.7,C,780.0,2011-02-19,2011-01-24,1290.59
495.8,499.7,C,790.0,2011-02-19,2011-01-24,1290.59
485.9,489.6,C,800.0,2011-02-19,2011-01-24,1290.59
475.9,479.7,C,810.0,2011-02-19,2011-01-24,1290.59
465.9,469.7,C,820.0,2011-02-19,2011-01-24,1290.59
460.9,464.7,C,825.0,2011-02-19,2011-01-24,1290.59
455.9,459.8,C,830.0,2011-02-19,2011-01-24,1290.59
445.9,449.7,C,840.0,2011-02-19,2011-01-24,1290.59
436.0,439.8,C,850.0,2011-02-19,2011-01-24,1290.59
431.0,434.7,C,855.0,2011-02-19,2011-01-24,1290.59
426.0,429.9,C,860.0,2011-02-19,2011-01-24,1290.59
421.0,424.8,C,865.0,2011-02-19,2011-01-24,1290.59
416.0,419.9,C,870.0,2011-02-19,2011-01-24,1290.59
411.1,414.8,C,875.0,2011-02-19,2011-01-24,1290.59
406.1,409.9,C,880.0,2011-02-19,2011-01-24,1290.59
401.1,404.9,C,885.0,2011-02-19,2011-01-24,1290.59
396.1,400.0,C,890.0,2011-02-19,2011-01-24,1290.59
391.1,395.0,C,895.0,2011-02-19,2011-01-24,1290.59
386.2,390.0,C,900.0,2011-02-19,2011-01-24,1290.59
381.2,385.0,C,905.0,2011-02-19,2011-01-24,1290.59
376.2,380.0,C,910.0,2011-02-19,2011-01-24,1290.59
371.3,375.1,C,915.0,2011-02-19,2011-01-24,1290.59
366.3,370.0,C,920.0,2011-02-19,2011-01-24,1290.59
361.3,365.2,C,925.0,2011-02-19,2011-01-24,1290.59
356.4,360.1,C,930.0,2011-02-19,2011-01-24,1290.59
351.4,355.3,C,935.0,2011-02-19,2011-01-24,1290.59
346.4,350.3,C,940.0,2011-02-19,2011-01-24,1290.59
341.5,345.3,C,945.0,2011-02-19,2011-01-24,1290.59
336.5,340.4,C,950.0,2011-02-19,2011-01-24,1290.59
331.6,335.3,C,955.0,2011-02-19,2011-01-24,1290.59
326.6,330.5,C,960.0,2011-02-19,2011-01-24,1290.59
321.7,325.5,C,965.0,2011-02-19,2011-01-24,1290.59
316.7,320.6,C,970.0,2011-02-19,2011-01-24,1290.59
311.8,315.5,C,975.0,2011-02-19,2011-01-24,1290.59
306.8,310.6,C,980.0,2011-02-19,2011-01-24,1290.59
301.9,305.7,C,985.0,2011-02-19,2011-01-24,1290.59
296.9,300.8,C,990.0,2011-02-19,2011-01-24,1290.59
292.0,295.8,C,995.0,2011-02-19,2011-01-24,1290.59
287.0,290.8,C,1000.0,2011-02-19,2011-01-24,1290.59
282.1,285.8,C,1005.0,2011-02-19,2011-01-24,1290.59
277.1,280.9,C,1010.0,2011-02-19,2011-01-24,1290.59
272.2,275.9,C,1015.0,2011-02-19,2011-01-24,1290.59
267.2,271.0,C,1020.0,2011-02-19,2011-01-24,1290.59
262.3,266.2,C,1025.0,2011-02-19,2011-01-24,1290.59
257.4,261.3,C,1030.0,2011-02-19,2011-01-24,1290.59
252.5,256.4,C,1035.0,2011-02-19,2011-01-24,1290.59
247.6,251.5,C,1040.0,2011-02-19,2011-01-24,1290.59
242.7,246.6,C,1045.0,2011-02-19,2011-01-24,1290.59
237.8,241.7,C,1050.0,2011-02-19,2011-01-24,1290.59
232.9,236.7,C,1055.0,2011-02-19,2011-01-24,1290.59
228.0,231.9,C,1060.0,2011-02-19,2011-01-24,1290.59
223.1,227.0,C,1065.0,2011-02-19,2011-01-24,1290.59
218.3,222.1,C,1070.0,2011-02-19,2011-01-24,1290.59
213.4,217.2,C,1075.0,2011-02-19,2011-01-24,1290.59
208.3,212.0,C,1080.0,2011-02-19,2011-01-24,1290.59
203.6,207.4,C,1085.0,2011-02-19,2011-01-24,1290.59
198.8,202.6,C,1090.0,2011-02-19,2011-01-24,1290.59
193.9,197.8,C,1095.0,2011-02-19,2011-01-24,1290.59
189.0,192.9,C,1100.0,2011-02-19,2011-01-24,1290.59
184.2,188.1,C,1105.0,2011-02-19,2011-01-24,1290.59
179.4,183.2,C,1110.0,2011-02-19,2011-01-24,1290.59
174.5,178.3,C,1115.0,2011-02-19,2011-01-24,1290.59
169.5,173.2,C,1120.0,2011-02-19,2011-01-24,1290.59
164.9,168.8,C,1125.0,2011-02-19,2011-01-24,1290.59
160.1,164.0,C,1130.0,2011-02-19,2011-01-24,1290.59
155.1,158.8,C,1135.0,2011-02-19,2011-01-24,1290.59
150.5,154.4,C,1140.0,2011-02-19,2011-01-24,1290.59
145.8,149.5,C,1145.0,2011-02-19,2011-01-24,1290.59
141.0,144.9,C,1150.0,2011-02-19,2011-01-24,1290.59
136.1,139.9,C,1155.0,2011-02-19,2011-01-24,1290.59
131.4,135.2,C,1160.0,2011-02-19,2011-01-24,1290.59
126.9,130.8,C,1165.0,2011-02-19,2011-01-24,1290.59
122.3,126.2,C,1170.0,2011-02-19,2011-01-24,1290.59
117.6,121.5,C,1175.0,2011-02-19,2011-01-24,1290.59
113.0,116.8,C,1180.0,2011-02-19,2011-01-24,1290.59
108.5,112.4,C,1185.0,2011-02-19,2011-01-24,1290.59
103.9,107.8,C,1190.0,2011-02-19,2011-01-24,1290.59
99.4,103.2,C,1195.0,2011-02-19,2011-01-24,1290.59
94.9,98.8,C,1200.0,2011-02-19,2011-01-24,1290.59
90.5,94.4,C,1205.0,2011-02-19,2011-01-24,1290.59
86.1,90.0,C,1210.0,2011-02-19,2011-01-24,1290.59
81.6,85.4,C,1215.0,2011-02-19,2011-01-24,1290.59
77.3,81.1,C,1220.0,2011-02-19,2011-01-24,1290.59
73.1,76.9,C,1225.0,2011-02-19,2011-01-24,1290.59
68.9,72.8,C,1230.0,2011-02-19,2011-01-24,1290.59
64.8,68.6,C,1235.0,2011-02-19,2011-01-24,1290.59
61.6,64.8,C,1240.0,2011-02-19,2011-01-24,1290.59
57.0,60.7,C,1245.0,2011-02-19,2011-01-24,1290.59
53.0,56.9,C,1250.0,2011-02-19,2011-01-24,1290.59
49.4,52.0,C,1255.0,2011-02-19,2011-01-24,1290.59
45.7,49.4,C,1260.0,2011-02-19,2011-01-24,1290.59
42.0,45.9,C,1265.0,2011-02-19,2011-01-24,1290.59
38.7,42.4,C,1270.0,2011-02-19,2011-01-24,1290.59
35.2,39.0,C,1275.0,2011-02-19,2011-01-24,1290.59
32.1,35.8,C,1280.0,2011-02-19,2011-01-24,1290.59
29.1,32.8,C,1285.0,2011-02-19,2011-01-24,1290.59
26.0,29.8,C,1290.0,2011-02-19,2011-01-24,1290.59
23.3,27.0,C,1295.0,2011-02-19,2011-01-24,1290.59
20.6,23.0,C,1300.0,2011-02-19,2011-01-24,1290.59
18.6,21.5,C,1305.0,2011-02-19,2011-01-24,1290.59
16.2,19.2,C,1310.0,2011-02-19,2011-01-24,1290.59
14.0,17.0,C,1315.0,2011-02-19,2011-01-24,1290.59
12.0,15.0,C,1320.0,2011-02-19,2011-01-24,1290.59
10.3,12.0,C,1325.0,2011-02-19,2011-01-24,1290.59
9.3,11.2,C,1330.0,2011-02-19,2011-01-24,1290.59
7.8,9.7,C,1335.0,2011-02-19,2011-01-24,1290.59
6.5,7.5,C,1340.0,2011-02-19,2011-01-24,1290.59
5.3,7.2,C,1345.0,2011-02-19,2011-01-24,1290.59
5.3,5.6,C,1350.0,2011-02-19,2011-01-24,1290.59
3.6,5.0,C,1355.0,2011-02-19,2011-01-24,1290.59
2.95,3.9,C,1360.0,2011-02-19,2011-01-24,1290.59
2.35,3.8,C,1365.0,2011-02-19,2011-01-24,1290.59
2.0,3.6,C,1370.0,2011-02-19,2011-01-24,1290.59
1.75,2.3,C,1375.0,2011-02-19,2011-01-24,1290.59
1.35,2.3,C,1380.0,2011-02-19,2011-01-24,1290.59
1.05,2.0,C,1385.0,2011-02-19,2011-01-24,1290.59
0.8,1.4,C,1390.0,2011-02-19,2011-01-24,1290.59
0.55,1.5,C,1395.0,2011-02-19,2011-01-24,1290.59
0.5,1.1,C,1400.0,2011-02-19,2011-01-24,1290.59
0.6,1.1,C,1410.0,2011-02-19,2011-01-24,1290.59
0.45,0.55,C,1420.0,2011-02-19,2011-01-24,1290.59
0.4,0.95,C,1425.0,2011-02-19,2011-01-24,1290.59
0.05,1.0,C,1430.0,2011-02-19,2011-01-24,1290.59
0.05,1.0,C,1440.0,2011-02-19,2011-01-24,1290.59
0.05,0.7,C,1450.0,2011-02-19,2011-01-24,1290.59
0.15,0.25,C,1475.0,2011-02-19,2011-01-24,1290.59
0.05,0.2,C,1500.0,2011-02-19,2011-01-24,1290.59
0.05,0.2,C,1550.0,2011-02-19,2011-01-24,1290.59
0.05,0.25,C,1575.0,2011-02-19,2011-01-24,1290.59
0.05,0.2,C,1600.0,2011-02-19,2011-01-24,1290.59
784.1,787.9,C,500.0,2011-03-16,2011-01-24,1290.59
684.2,687.9,C,600.0,2011-03-16,2011-01-24,1290.59
634.3,638.0,C,650.0,2011-03-16,2011-01-24,1290.59
584.5,588.3,C,700.0,2011-03-16,2011-01-24,1290.59
534.6,538.4,C,750.0,2011-03-16,2011-01-24,1290.59
524.7,528.4,C,760.0,2011-03-16,2011-01-24,1290.59
514.7,518.4,C,770.0,2011-03-16,2011-01-24,1290.59
504.7,508.5,C,780.0,2011-03-16,2011-01-24,1290.59
494.8,498.5,C,790.0,2011-03-16,2011-01-24,1290.59
484.8,488.6,C,800.0,2011-03-16,2011-01-24,1290.59
474.9,478.8,C,810.0,2011-03-16,2011-01-24,1290.59
465.0,468.7,C,820.0,2011-03-16,2011-01-24,1290.59
460.0,463.7,C,825.0,2011-03-16,2011-01-24,1290.59
455.0,458.9,C,830.0,2011-03-16,2011-01-24,1290.59
445.1,448.9,C,840.0,2011-03-16,2011-01-24,1290.59
435.2,438.9,C,850.0,2011-03-16,2011-01-24,1290.59
425.3,429.1,C,860.0,2011-03-16,2011-01-24,1290.59
415.3,419.2,C,870.0,2011-03-16,2011-01-24,1290.59
410.4,414.2,C,875.0,2011-03-16,2011-01-24,1290.59
405.4,409.2,C,880.0,2011-03-16,2011-01-24,1290.59
395.5,399.4,C,890.0,2011-03-16,2011-01-24,1290.59
385.6,389.5,C,900.0,2011-03-16,2011-01-24,1290.59
375.7,379.5,C,910.0,2011-03-16,2011-01-24,1290.59
365.9,369.6,C,920.0,2011-03-16,2011-01-24,1290.59
360.9,364.8,C,925.0,2011-03-16,2011-01-24,1290.59
356.0,359.8,C,930.0,2011-03-16,2011-01-24,1290.59
345.9,349.6,C,940.0,2011-03-16,2011-01-24,1290.59
336.2,340.1,C,950.0,2011-03-16,2011-01-24,1290.59
326.2,329.9,C,960.0,2011-03-16,2011-01-24,1290.59
316.4,320.1,C,970.0,2011-03-16,2011-01-24,1290.59
311.5,315.2,C,975.0,2011-03-16,2011-01-24,1290.59
306.8,310.7,C,980.0,2011-03-16,2011-01-24,1290.59
297.0,300.9,C,990.0,2011-03-16,2011-01-24,1290.59
287.3,291.0,C,1000.0,2011-03-16,2011-01-24,1290.59
277.5,281.1,C,1010.0,2011-03-16,2011-01-24,1290.59
267.8,271.6,C,1020.0,2011-03-16,2011-01-24,1290.59
262.7,266.4,C,1025.0,2011-03-16,2011-01-24,1290.59
258.1,261.8,C,1030.0,2011-03-16,2011-01-24,1290.59
248.4,252.1,C,1040.0,2011-03-16,2011-01-24,1290.59
238.5,242.0,C,1050.0,2011-03-16,2011-01-24,1290.59
229.0,232.9,C,1060.0,2011-03-16,2011-01-24,1290.59
219.2,223.0,C,1070.0,2011-03-16,2011-01-24,1290.59
214.4,218.2,C,1075.0,2011-03-16,2011-01-24,1290.59
209.8,213.6,C,1080.0,2011-03-16,2011-01-24,1290.59
200.1,203.8,C,1090.0,2011-03-16,2011-01-24,1290.59
190.6,194.4,C,1100.0,2011-03-16,2011-01-24,1290.59
181.4,185.2,C,1110.0,2011-03-16,2011-01-24,1290.59
171.8,175.6,C,1120.0,2011-03-16,2011-01-24,1290.59
167.3,171.2,C,1125.0,2011-03-16,2011-01-24,1290.59
162.5,166.3,C,1130.0,2011-03-16,2011-01-24,1290.59
153.5,157.4,C,1140.0,2011-03-16,2011-01-24,1290.59
144.3,148.2,C,1150.0,2011-03-16,2011-01-24,1290.59
135.1,138.9,C,1160.0,2011-03-16,2011-01-24,1290.59
126.4,130.2,C,1170.0,2011-03-16,2011-01-24,1290.59
121.9,125.7,C,1175.0,2011-03-16,2011-01-24,1290.59
117.6,121.5,C,1180.0,2011-03-16,2011-01-24,1290.59
108.7,112.5,C,1190.0,2011-03-16,2011-01-24,1290.59
100.2,103.9,C,1200.0,2011-03-16,2011-01-24,1290.59
91.9,95.6,C,1210.0,2011-03-16,2011-01-24,1290.59
83.7,87.6,C,1220.0,2011-03-16,2011-01-24,1290.59
79.9,83.6,C,1225.0,2011-03-16,2011-01-24,1290.59
75.8,79.7,C,1230.0,2011-03-16,2011-01-24,1290.59
68.4,72.0,C,1240.0,2011-03-16,2011-01-24,1290.59
60.8,64.7,C,1250.0,2011-03-16,2011-01-24,1290.59
53.9,57.6,C,1260.0,2011-03-16,2011-01-24,1290.59
47.2,50.9,C,1270.0,2011-03-16,2011-01-24,1290.59
43.8,47.6,C,1275.0,2011-03-16,2011-01-24,1290.59
40.8,44.6,C,1280.0,2011-03-16,2011-01-24,1290.59
34.9,38.7,C,1290.0,2011-03-16,2011-01-24,1290.59
29.4,33.2,C,1300.0,2011-03-16,2011-01-24,1290.59
24.2,27.9,C,1310.0,2011-03-16,2011-01-24,1290.59
20.1,23.1,C,1320.0,2011-03-16,2011-01-24,1290.59
18.1,21.1,C,1325.0,2011-03-16,2011-01-24,1290.59
16.1,19.1,C,1330.0,2011-03-16,2011-01-24,1290.59
12.7,15.7,C,1340.0,2011-03-16,2011-01-24,1290.59
10.0,11.4,C,1350.0,2011-03-16,2011-01-24,1290.59
7.8,9.7,C,1360.0,2011-03-16,2011-01-24,1290.59
5.6,7.4,C,1370.0,2011-03-16,2011-01-24,1290.59
5.0,6.5,C,1375.0,2011-03-16,2011-01-24,1290.59
4.3,5.8,C,1380.0,2011-03-16,2011-01-24,1290.59
3.2,4.6,C,1390.0,2011-03-16,2011-01-24,1290.59
2.25,3.7,C,1400.0,2011-03-16,2011-01-24,1290.59
1.7,2.6,C,1410.0,2011-03-16,2011-01-24,1290.59
1.15,2.1,C,1420.0,2011-03-16,2011-01-24,1290.59
0.9,1.5,C,1425.0,2011-03-16,2011-01-24,1290.59
0.7,1.65,C,1430.0,2011-03-16,2011-01-24,1290.59
0.4,1.35,C,1440.0,2011-03-16,2011-01-24,1290.59
0.15,1.1,C,1450.0,2011-03-16,2011-01-24,1290.59
0.25,0.5,C,1480.0,2011-03-16,2011-01-24,1290.59
0.1,0.25,C,1550.0,2011-03-16,2011-01-24,1290.59
781.5,785.3,C,500.0,2011-04-21,2011-01-24,1290.59
681.9,685.6,C,600.0,2011-04-21,2011-01-24,1290.59
632.0,635.9,C,650.0,2011-04-21,2011-01-24,1290.59
582.3,586.1,C,700.0,2011-04-21,2011-01-24,1290.59
532.6,536.3,C,750.0,2011-04-21,2011-01-24,1290.59
483.0,486.9,C,800.0,2011-04-21,2011-01-24,1290.59
458.1,461.8,C,825.0,2011-04-21,2011-01-24,1290.59
433.4,437.1,C,850.0,2011-04-21,2011-01-24,1290.59
409.0,412.8,C,875.0,2011-04-21,2011-01-24,1290.59
384.5,388.3,C,900.0,2011-04-21,2011-01-24,1290.59
360.1,363.8,C,925.0,2011-04-21,2011-01-24,1290.59
335.5,339.0,C,950.0,2011-04-21,2011-01-24,1290.59
311.5,315.2,C,975.0,2011-04-21,2011-01-24,1290.59
287.1,290.9,C,1000.0,2011-04-21,2011-01-24,1290.59
263.2,266.7,C,1025.0,2011-04-21,2011-01-24,1290.59
239.7,243.4,C,1050.0,2011-04-21,2011-01-24,1290.59
216.0,219.6,C,1075.0,2011-04-21,2011-01-24,1290.59
192.9,196.7,C,1100.0,2011-04-21,2011-01-24,1290.59
170.3,174.1,C,1125.0,2011-04-21,2011-01-24,1290.59
148.2,152.0,C,1150.0,2011-04-21,2011-01-24,1290.59
126.8,130.7,C,1175.0,2011-04-21,2011-01-24,1290.59
106.5,110.1,C,1200.0,2011-04-21,2011-01-24,1290.59
87.1,90.8,C,1225.0,2011-04-21,2011-01-24,1290.59
69.1,72.8,C,1250.0,2011-04-21,2011-01-24,1290.59
52.8,56.5,C,1275.0,2011-04-21,2011-01-24,1290.59
38.5,42.2,C,1300.0,2011-04-21,2011-01-24,1290.59
26.3,29.9,C,1325.0,2011-04-21,2011-01-24,1290.59
17.1,20.1,C,1350.0,2011-04-21,2011-01-24,1290.59
10.2,13.1,C,1375.0,2011-04-21,2011-01-24,1290.59
5.8,7.6,C,1400.0,2011-04-21,2011-01-24,1290.59
3.2,4.6,C,1425.0,2011-04-21,2011-01-24,1290.59
1.65,2.6,C,1450.0,2011-04-21,2011-01-24,1290.59
0.7,1.65,C,1475.0,2011-04-21,2011-01-24,1290.59
0.45,1.1,C,1500.0,2011-04-21,2011-01-24,1290.59
1179.0,1182.8,C,100.0,2011-05-18,2011-01-24,1290.59
1079.1,1082.9,C,200.0,2011-05-18,2011-01-24,1290.59
1054.2,1057.9,C,225.0,2011-05-18,2011-01-24,1290.59
1029.2,1033.0,C,250.0,2011-05-18,2011-01-24,1290.59
1004.3,1008.1,C,275.0,2011-05-18,2011-01-24,1290.59
979.3,983.1,C,300.0,2011-05-18,2011-01-24,1290.59
954.3,958.2,C,325.0,2011-05-18,2011-01-24,1290.59
929.4,933.1,C,350.0,2011-05-18,2011-01-24,1290.59
904.4,908.3,C,375.0,2011-05-18,2011-01-24,1290.59
879.5,883.2,C,400.0,2011-05-18,2011-01-24,1290.59
854.3,857.8,C,425.0,2011-05-18,2011-01-24,1290.59
829.5,833.4,C,450.0,2011-05-18,2011-01-24,1290.59
804.6,808.4,C,475.0,2011-05-18,2011-01-24,1290.59
779.8,783.6,C,500.0,2011-05-18,2011-01-24,1290.59
754.9,758.8,C,525.0,2011-05-18,2011-01-24,1290.59
730.0,733.9,C,550.0,2011-05-18,2011-01-24,1290.59
680.2,683.9,C,600.0,2011-05-18,2011-01-24,1290.59
655.3,659.0,C,625.0,2011-05-18,2011-01-24,1290.59
630.4,634.2,C,650.0,2011-05-18,2011-01-24,1290.59
605.3,608.8,C,675.0,2011-05-18,2011-01-24,1290.59
580.7,584.5,C,700.0,2011-05-18,2011-01-24,1290.59
555.7,559.3,C,725.0,2011-05-18,2011-01-24,1290.59
531.2,535.0,C,750.0,2011-05-18,2011-01-24,1290.59
506.5,510.3,C,775.0,2011-05-18,2011-01-24,1290.59
481.8,485.7,C,800.0,2011-05-18,2011-01-24,1290.59
457.3,461.1,C,825.0,2011-05-18,2011-01-24,1290.59
432.5,436.1,C,850.0,2011-05-18,2011-01-24,1290.59
408.3,412.1,C,875.0,2011-05-18,2011-01-24,1290.59
383.7,387.5,C,900.0,2011-05-18,2011-01-24,1290.59
359.5,363.0,C,925.0,2011-05-18,2011-01-24,1290.59
335.6,339.4,C,950.0,2011-05-18,2011-01-24,1290.59
311.6,315.4,C,975.0,2011-05-18,2011-01-24,1290.59
287.6,291.1,C,1000.0,2011-05-18,2011-01-24,1290.59
264.0,267.8,C,1025.0,2011-05-18,2011-01-24,1290.59
240.7,244.3,C,1050.0,2011-05-18,2011-01-24,1290.59
231.5,235.3,C,1060.0,2011-05-18,2011-01-24,1290.59
217.8,221.5,C,1075.0,2011-05-18,2011-01-24,1290.59
213.4,217.0,C,1080.0,2011-05-18,2011-01-24,1290.59
195.4,199.0,C,1100.0,2011-05-18,2011-01-24,1290.59
177.6,181.4,C,1120.0,2011-05-18,2011-01-24,1290.59
173.2,177.0,C,1125.0,2011-05-18,2011-01-24,1290.59
152.0,155.9,C,1150.0,2011-05-18,2011-01-24,1290.59
131.2,134.8,C,1175.0,2011-05-18,2011-01-24,1290.59
119.0,122.9,C,1190.0,2011-05-18,2011-01-24,1290.59
111.2,115.1,C,1200.0,2011-05-18,2011-01-24,1290.59
92.6,96.3,C,1225.0,2011-05-18,2011-01-24,1290.59
75.0,78.8,C,1250.0,2011-05-18,2011-01-24,1290.59
59.2,63.0,C,1275.0,2011-05-18,2011-01-24,1290.59
44.8,46.9,C,1300.0,2011-05-18,2011-01-24,1290.59
32.6,36.3,C,1325.0,2011-05-18,2011-01-24,1290.59
22.6,26.4,C,1350.0,2011-05-18,2011-01-24,1290.59
17.9,20.9,C,1365.0,2011-05-18,2011-01-24,1290.59
14.9,17.9,C,1375.0,2011-05-18,2011-01-24,1290.59
9.5,11.0,C,1400.0,2011-05-18,2011-01-24,1290.59
5.5,7.4,C,1425.0,2011-05-18,2011-01-24,1290.59
3.2,4.6,C,1450.0,2011-05-18,2011-01-24,1290.59
1.75,2.7,C,1475.0,2011-05-18,2011-01-24,1290.59
1.2,1.75,C,1500.0,2011-05-18,2011-01-24,1290.59
0.05,1.0,C,1550.0,2011-05-18,2011-01-24,1290.59
0.05,0.5,C,1650.0,2011-05-18,2011-01-24,1290.59
1172.6,1176.1,C,100.0,2011-08-17,2011-01-24,1290.59
1073.1,1076.9,C,200.0,2011-08-17,2011-01-24,1290.59
973.4,977.1,C,300.0,2011-08-17,2011-01-24,1290.59
923.7,927.4,C,350.0,2011-08-17,2011-01-24,1290.59
874.0,877.9,C,400.0,2011-08-17,2011-01-24,1290.59
774.4,777.9,C,500.0,2011-08-17,2011-01-24,1290.59
725.0,728.7,C,550.0,2011-08-17,2011-01-24,1290.59
675.5,679.2,C,600.0,2011-08-17,2011-01-24,1290.59
650.6,654.1,C,625.0,2011-08-17,2011-01-24,1290.59
626.2,629.9,C,650.0,2011-08-17,2011-01-24,1290.59
601.4,604.9,C,675.0,2011-08-17,2011-01-24,1290.59
576.9,580.4,C,700.0,2011-08-17,2011-01-24,1290.59
552.7,556.4,C,725.0,2011-08-17,2011-01-24,1290.59
528.0,531.5,C,750.0,2011-08-17,2011-01-24,1290.59
503.6,507.4,C,775.0,2011-08-17,2011-01-24,1290.59
479.3,482.8,C,800.0,2011-08-17,2011-01-24,1290.59
455.4,459.2,C,825.0,2011-08-17,2011-01-24,1290.59
431.2,434.9,C,850.0,2011-08-17,2011-01-24,1290.59
407.4,410.9,C,875.0,2011-08-17,2011-01-24,1290.59
383.9,387.5,C,900.0,2011-08-17,2011-01-24,1290.59
360.3,363.8,C,925.0,2011-08-17,2011-01-24,1290.59
337.0,340.6,C,950.0,2011-08-17,2011-01-24,1290.59
314.3,318.1,C,975.0,2011-08-17,2011-01-24,1290.59
291.6,295.3,C,1000.0,2011-08-17,2011-01-24,1290.59
269.2,272.8,C,1025.0,2011-08-17,2011-01-24,1290.59
247.0,250.8,C,1050.0,2011-08-17,2011-01-24,1290.59
225.4,229.2,C,1075.0,2011-08-17,2011-01-24,1290.59
204.3,208.1,C,1100.0,2011-08-17,2011-01-24,1290.59
183.9,187.6,C,1125.0,2011-08-17,2011-01-24,1290.59
164.0,167.7,C,1150.0,2011-08-17,2011-01-24,1290.59
144.7,148.3,C,1175.0,2011-08-17,2011-01-24,1290.59
126.4,130.1,C,1200.0,2011-08-17,2011-01-24,1290.59
109.0,112.7,C,1225.0,2011-08-17,2011-01-24,1290.59
92.5,96.1,C,1250.0,2011-08-17,2011-01-24,1290.59
77.4,81.1,C,1275.0,2011-08-17,2011-01-24,1290.59
63.5,67.2,C,1300.0,2011-08-17,2011-01-24,1290.59
50.7,54.4,C,1325.0,2011-08-17,2011-01-24,1290.59
39.7,43.5,C,1350.0,2011-08-17,2011-01-24,1290.59
30.3,34.1,C,1375.0,2011-08-17,2011-01-24,1290.59
22.4,26.1,C,1400.0,2011-08-17,2011-01-24,1290.59
16.2,19.2,C,1425.0,2011-08-17,2011-01-24,1290.59
11.0,14.1,C,1450.0,2011-08-17,2011-01-24,1290.59
7.7,9.5,C,1475.0,2011-08-17,2011-01-24,1290.59
5.1,7.0,C,1500.0,2011-08-17,2011-01-24,1290.59
3.3,4.7,C,1525.0,2011-08-17,2011-01-24,1290.59
2.1,3.6,C,1550.0,2011-08-17,2011-01-24,1290.59
0.6,1.55,C,1600.0,2011-08-17,2011-01-24,1290.59
0.05,1.0,C,1650.0,2011-08-17,2011-01-24,1290.59
1164.2,1172.1,C,100.0,2011-11-17,2011-01-24,1290.59
1114.6,1122.1,C,150.0,2011-11-17,2011-01-24,1290.59
1064.6,1072.5,C,200.0,2011-11-17,2011-01-24,1290.59
1039.9,1047.4,C,225.0,2011-11-17,2011-01-24,1290.59
1014.8,1022.6,C,250.0,2011-11-17,2011-01-24,1290.59
990.1,997.9,C,275.0,2011-11-17,2011-01-24,1290.59
985.1,992.9,C,280.0,2011-11-17,2011-01-24,1290.59
965.5,973.0,C,300.0,2011-11-17,2011-01-24,1290.59
940.4,948.2,C,325.0,2011-11-17,2011-01-24,1290.59
915.9,923.4,C,350.0,2011-11-17,2011-01-24,1290.59
890.8,898.6,C,375.0,2011-11-17,2011-01-24,1290.59
866.2,873.7,C,400.0,2011-11-17,2011-01-24,1290.59
841.5,849.0,C,425.0,2011-11-17,2011-01-24,1290.59
816.4,824.1,C,450.0,2011-11-17,2011-01-24,1290.59
791.7,799.6,C,475.0,2011-11-17,2011-01-24,1290.59
767.0,774.9,C,500.0,2011-11-17,2011-01-24,1290.59
742.6,750.1,C,525.0,2011-11-17,2011-01-24,1290.59
717.9,725.4,C,550.0,2011-11-17,2011-01-24,1290.59
693.4,700.9,C,575.0,2011-11-17,2011-01-24,1290.59
668.7,676.5,C,600.0,2011-11-17,2011-01-24,1290.59
620.0,627.9,C,650.0,2011-11-17,2011-01-24,1290.59
571.6,579.1,C,700.0,2011-11-17,2011-01-24,1290.59
547.4,555.0,C,725.0,2011-11-17,2011-01-24,1290.59
523.5,531.0,C,750.0,2011-11-17,2011-01-24,1290.59
504.2,512.1,C,770.0,2011-11-17,2011-01-24,1290.59
499.4,507.2,C,775.0,2011-11-17,2011-01-24,1290.59
475.8,483.7,C,800.0,2011-11-17,2011-01-24,1290.59
452.3,460.2,C,825.0,2011-11-17,2011-01-24,1290.59
429.2,436.7,C,850.0,2011-11-17,2011-01-24,1290.59
405.8,413.6,C,875.0,2011-11-17,2011-01-24,1290.59
383.1,390.7,C,900.0,2011-11-17,2011-01-24,1290.59
365.0,372.6,C,920.0,2011-11-17,2011-01-24,1290.59
360.5,368.0,C,925.0,2011-11-17,2011-01-24,1290.59
338.1,345.7,C,950.0,2011-11-17,2011-01-24,1290.59
316.0,323.6,C,975.0,2011-11-17,2011-01-24,1290.59
294.2,301.8,C,1000.0,2011-11-17,2011-01-24,1290.59
272.6,280.5,C,1025.0,2011-11-17,2011-01-24,1290.59
268.5,276.1,C,1030.0,2011-11-17,2011-01-24,1290.59
251.7,259.3,C,1050.0,2011-11-17,2011-01-24,1290.59
231.1,238.8,C,1075.0,2011-11-17,2011-01-24,1290.59
219.0,226.6,C,1090.0,2011-11-17,2011-01-24,1290.59
215.0,222.6,C,1095.0,2011-11-17,2011-01-24,1290.59
211.0,218.7,C,1100.0,2011-11-17,2011-01-24,1290.59
191.5,199.1,C,1125.0,2011-11-17,2011-01-24,1290.59
179.9,187.5,C,1140.0,2011-11-17,2011-01-24,1290.59
172.5,180.2,C,1150.0,2011-11-17,2011-01-24,1290.59
154.2,161.9,C,1175.0,2011-11-17,2011-01-24,1290.59
150.7,158.3,C,1180.0,2011-11-17,2011-01-24,1290.59
136.7,144.4,C,1200.0,2011-11-17,2011-01-24,1290.59
120.0,127.7,C,1225.0,2011-11-17,2011-01-24,1290.59
104.1,111.7,C,1250.0,2011-11-17,2011-01-24,1290.59
89.1,96.8,C,1275.0,2011-11-17,2011-01-24,1290.59
75.4,83.1,C,1300.0,2011-11-17,2011-01-24,1290.59
62.8,70.4,C,1325.0,2011-11-17,2011-01-24,1290.59
51.4,59.1,C,1350.0,2011-11-17,2011-01-24,1290.59
41.2,48.8,C,1375.0,2011-11-17,2011-01-24,1290.59
32.4,40.1,C,1400.0,2011-11-17,2011-01-24,1290.59
24.5,32.4,C,1425.0,2011-11-17,2011-01-24,1290.59
18.9,25.2,C,1450.0,2011-11-17,2011-01-24,1290.59
13.6,19.9,C,1475.0,2011-11-17,2011-01-24,1290.59
10.0,14.0,C,1500.0,2011-11-17,2011-01-24,1290.59
5.6,8.1,C,1550.0,2011-11-17,2011-01-24,1290.59
2.1,5.2,C,1600.0,2011-11-17,2011-01-24,1290.59
0.7,2.0,C,1700.0,2011-11-17,2011-01-24,1290.59
0.35,2.0,C,1800.0,2011-11-17,2011-01-24,1290.59
0.1,0.4,C,1900.0,2011-11-17,2011-01-24,1290.59
1151.0,1158.5,C,100.0,2012-05-16,2011-01-24,1290.59
1051.8,1059.6,C,200.0,2012-05-16,2011-01-24,1290.59
953.5,961.0,C,300.0,2012-05-16,2011-01-24,1290.59
855.3,862.8,C,400.0,2012-05-16,2011-01-24,1290.59
806.2,814.1,C,450.0,2012-05-16,2011-01-24,1290.59
757.5,765.3,C,500.0,2012-05-16,2011-01-24,1290.59
709.1,716.9,C,550.0,2012-05-16,2011-01-24,1290.59
661.4,669.3,C,600.0,2012-05-16,2011-01-24,1290.59
614.0,621.8,C,650.0,2012-05-16,2011-01-24,1290.59
567.5,575.0,C,700.0,2012-05-16,2011-01-24,1290.59
544.3,551.8,C,725.0,2012-05-16,2011-01-24,1290.59
521.1,529.0,C,750.0,2012-05-16,2011-01-24,1290.59
498.2,506.0,C,775.0,2012-05-16,2011-01-24,1290.59
475.8,483.4,C,800.0,2012-05-16,2011-01-24,1290.59
453.4,461.0,C,825.0,2012-05-16,2011-01-24,1290.59
431.2,438.8,C,850.0,2012-05-16,2011-01-24,1290.59
409.2,416.8,C,875.0,2012-05-16,2011-01-24,1290.59
387.5,395.1,C,900.0,2012-05-16,2011-01-24,1290.59
366.1,373.7,C,925.0,2012-05-16,2011-01-24,1290.59
344.9,352.5,C,950.0,2012-05-16,2011-01-24,1290.59
324.1,331.7,C,975.0,2012-05-16,2011-01-24,1290.59
303.6,311.2,C,1000.0,2012-05-16,2011-01-24,1290.59
283.5,291.1,C,1025.0,2012-05-16,2011-01-24,1290.59
263.8,271.4,C,1050.0,2012-05-16,2011-01-24,1290.59
244.5,252.1,C,1075.0,2012-05-16,2011-01-24,1290.59
225.7,233.4,C,1100.0,2012-05-16,2011-01-24,1290.59
207.4,215.1,C,1125.0,2012-05-16,2011-01-24,1290.59
189.7,197.3,C,1150.0,2012-05-16,2011-01-24,1290.59
172.5,180.2,C,1175.0,2012-05-16,2011-01-24,1290.59
156.0,163.6,C,1200.0,2012-05-16,2011-01-24,1290.59
140.1,147.7,C,1225.0,2012-05-16,2011-01-24,1290.59
125.2,132.9,C,1250.0,2012-05-16,2011-01-24,1290.59
110.7,118.2,C,1275.0,2012-05-16,2011-01-24,1290.59
97.2,104.8,C,1300.0,2012-05-16,2011-01-24,1290.59
84.7,92.3,C,1325.0,2012-05-16,2011-01-24,1290.59
73.1,80.8,C,1350.0,2012-05-16,2011-01-24,1290.59
62.3,69.9,C,1375.0,2012-05-16,2011-01-24,1290.59
52.7,60.4,C,1400.0,2012-05-16,2011-01-24,1290.59
43.9,51.6,C,1425.0,2012-05-16,2011-01-24,1290.59
35.8,43.7,C,1450.0,2012-05-16,2011-01-24,1290.59
28.9,36.8,C,1475.0,2012-05-16,2011-01-24,1290.59
22.8,30.7,C,1500.0,2012-05-16,2011-01-24,1290.59
14.1,20.4,C,1550.0,2012-05-16,2011-01-24,1290.59
9.0,12.9,C,1600.0,2012-05-16,2011-01-24,1290.59
2.65,5.8,C,1700.0,2012-05-16,2011-01-24,1290.59
0.75,2.7,C,1800.0,2012-05-16,2011-01-24,1290.59
0.05,2.0,C,1900.0,2012-05-16,2011-01-24,1290.59
0.05,2.0,C,2000.0,2012-05-16,2011-01-24,1290.59
1138.0,1145.9,C,100.0,2012-11-22,2011-01-24,1290.59
1040.2,1048.0,C,200.0,2012-11-22,2011-01-24,1290.59
991.7,999.2,C,250.0,2012-11-22,2011-01-24,1290.59
942.8,950.6,C,300.0,2012-11-22,2011-01-24,1290.59
894.6,902.1,C,350.0,2012-11-22,2011-01-24,1290.59
846.4,854.0,C,400.0,2012-11-22,2011-01-24,1290.59
798.4,805.9,C,450.0,2012-11-22,2011-01-24,1290.59
751.1,758.7,C,500.0,2012-11-22,2011-01-24,1290.59
704.3,711.9,C,550.0,2012-11-22,2011-01-24,1290.59
658.0,665.6,C,600.0,2012-11-22,2011-01-24,1290.59
612.3,619.9,C,650.0,2012-11-22,2011-01-24,1290.59
589.7,597.3,C,675.0,2012-11-22,2011-01-24,1290.59
567.0,574.8,C,700.0,2012-11-22,2011-01-24,1290.59
522.7,530.6,C,750.0,2012-11-22,2011-01-24,1290.59
479.1,486.8,C,800.0,2012-11-22,2011-01-24,1290.59
457.9,465.5,C,825.0,2012-11-22,2011-01-24,1290.59
436.7,444.3,C,850.0,2012-11-22,2011-01-24,1290.59
415.7,423.3,C,875.0,2012-11-22,2011-01-24,1290.59
395.0,402.6,C,900.0,2012-11-22,2011-01-24,1290.59
374.6,382.2,C,925.0,2012-11-22,2011-01-24,1290.59
354.4,362.0,C,950.0,2012-11-22,2011-01-24,1290.59
334.4,342.3,C,975.0,2012-11-22,2011-01-24,1290.59
314.9,322.8,C,1000.0,2012-11-22,2011-01-24,1290.59
295.8,303.7,C,1025.0,2012-11-22,2011-01-24,1290.59
277.2,284.8,C,1050.0,2012-11-22,2011-01-24,1290.59
258.9,266.5,C,1075.0,2012-11-22,2011-01-24,1290.59
240.9,248.6,C,1100.0,2012-11-22,2011-01-24,1290.59
223.5,231.2,C,1125.0,2012-11-22,2011-01-24,1290.59
206.6,214.3,C,1150.0,2012-11-22,2011-01-24,1290.59
190.2,197.9,C,1175.0,2012-11-22,2011-01-24,1290.59
174.3,182.0,C,1200.0,2012-11-22,2011-01-24,1290.59
162.1,169.7,C,1220.0,2012-11-22,2011-01-24,1290.59
159.1,166.7,C,1225.0,2012-11-22,2011-01-24,1290.59
144.5,152.1,C,1250.0,2012-11-22,2011-01-24,1290.59
130.3,137.9,C,1275.0,2012-11-22,2011-01-24,1290.59
117.0,124.6,C,1300.0,2012-11-22,2011-01-24,1290.59
92.7,100.4,C,1350.0,2012-11-22,2011-01-24,1290.59
73.4,79.4,C,1400.0,2012-11-22,2011-01-24,1290.59
53.4,61.1,C,1450.0,2012-11-22,2011-01-24,1290.59
38.3,46.0,C,1500.0,2012-11-22,2011-01-24,1290.59
26.1,34.0,C,1550.0,2012-11-22,2011-01-24,1290.59
17.5,23.8,C,1600.0,2012-11-22,2011-01-24,1290.59
9.0,11.5,C,1700.0,2012-11-22,2011-01-24,1290.59
4.3,4.8,C,1800.0,2012-11-22,2011-01-24,1290.59
2.2,2.3,C,1900.0,2012-11-22,2011-01-24,1290.59
1.0,1.45,C,2000.0,2012-11-22,2011-01-24,1290.59
0.05,0.85,C,2250.0,2012-11-22,2011-01-24,1290.59
0.2,0.4,C,2500.0,2012-11-22,2011-01-24,1290.59
1110.4,1118.2,C,100.0,2013-11-21,2011-01-24,1290.59
1015.3,1023.1,C,200.0,2013-11-21,2011-01-24,1290.59
968.3,975.8,C,250.0,2013-11-21,2011-01-24,1290.59
921.2,928.8,C,300.0,2013-11-21,2011-01-24,1290.59
874.8,882.7,C,350.0,2013-11-21,2011-01-24,1290.59
829.1,837.0,C,400.0,2013-11-21,2011-01-24,1290.59
784.0,791.6,C,450.0,2013-11-21,2011-01-24,1290.59
739.1,747.0,C,500.0,2013-11-21,2011-01-24,1290.59
694.9,702.7,C,550.0,2013-11-21,2011-01-24,1290.59
651.7,659.2,C,600.0,2013-11-21,2011-01-24,1290.59
608.6,616.4,C,650.0,2013-11-21,2011-01-24,1290.59
566.6,574.5,C,700.0,2013-11-21,2011-01-24,1290.59
525.3,533.2,C,750.0,2013-11-21,2011-01-24,1290.59
485.1,493.0,C,800.0,2013-11-21,2011-01-24,1290.59
445.4,453.3,C,850.0,2013-11-21,2011-01-24,1290.59
407.1,415.0,C,900.0,2013-11-21,2011-01-24,1290.59
388.1,396.0,C,925.0,2013-11-21,2011-01-24,1290.59
369.6,377.5,C,950.0,2013-11-21,2011-01-24,1290.59
351.3,359.2,C,975.0,2013-11-21,2011-01-24,1290.59
333.4,341.3,C,1000.0,2013-11-21,2011-01-24,1290.59
315.8,323.7,C,1025.0,2013-11-21,2011-01-24,1290.59
298.6,306.5,C,1050.0,2013-11-21,2011-01-24,1290.59
281.8,289.7,C,1075.0,2013-11-21,2011-01-24,1290.59
265.3,273.2,C,1100.0,2013-11-21,2011-01-24,1290.59
249.2,257.1,C,1125.0,2013-11-21,2011-01-24,1290.59
233.6,241.5,C,1150.0,2013-11-21,2011-01-24,1290.59
218.4,226.3,C,1175.0,2013-11-21,2011-01-24,1290.59
203.7,211.6,C,1200.0,2013-11-21,2011-01-24,1290.59
189.5,197.4,C,1225.0,2013-11-21,2011-01-24,1290.59
175.9,183.8,C,1250.0,2013-11-21,2011-01-24,1290.59
162.5,170.4,C,1275.0,2013-11-21,2011-01-24,1290.59
149.7,157.6,C,1300.0,2013-11-21,2011-01-24,1290.59
137.5,145.4,C,1325.0,2013-11-21,2011-01-24,1290.59
125.9,133.6,C,1350.0,2013-11-21,2011-01-24,1290.59
114.9,122.6,C,1375.0,2013-11-21,2011-01-24,1290.59
104.4,112.1,C,1400.0,2013-11-21,2011-01-24,1290.59
94.5,102.2,C,1425.0,2013-11-21,2011-01-24,1290.59
85.3,93.0,C,1450.0,2013-11-21,2011-01-24,1290.59
76.5,84.2,C,1475.0,2013-11-21,2011-01-24,1290.59
68.2,75.8,C,1500.0,2013-11-21,2011-01-24,1290.59
60.7,68.3,C,1525.0,2013-11-21,2011-01-24,1290.59
53.8,61.5,C,1550.0,2013-11-21,2011-01-24,1290.59
41.3,49.0,C,1600.0,2013-11-21,2011-01-24,1290.59
30.7,38.6,C,1650.0,2013-11-21,2011-01-24,1290.59
22.4,30.3,C,1700.0,2013-11-21,2011-01-24,1290.59
12.1,18.4,C,1800.0,2013-11-21,2011-01-24,1290.59
6.9,10.8,C,1900.0,2013-11-21,2011-01-24,1290.59
3.3,6.0,C,2000.0,2013-11-21,2011-01-24,1290.59
0.45,2.3,C,2250.0,2013-11-21,2011-01-24,1290.59
0.05,0.1,P,825.0,2011-01-19,2011-01-24,1290.59
0.05,0.1,P,850.0,2011-01-19,2011-01-24,1290.59
0.05,0.15,P,855.0,2011-01-19,2011-01-24,1290.59
0.05,0.15,P,860.0,2011-01-19,2011-01-24,1290.59
0.05,0.15,P,865.0,2011-01-19,2011-01-24,1290.59
0.05,0.15,P,870.0,2011-01-19,2011-01-24,1290.59
0.05,0.15,P,875.0,2011-01-19,2011-01-24,1290.59
0.05,0.25,P,880.0,2011-01-19,2011-01-24,1290.59
0.05,0.25,P,885.0,2011-01-19,2011-01-24,1290.59
0.05,0.3,P,890.0,2011-01-19,2011-01-24,1290.59
0.05,0.3,P,895.0,2011-01-19,2011-01-24,1290.59
0.05,0.25,P,900.0,2011-01-19,2011-01-24,1290.59
0.05,1.0,P,905.0,2011-01-19,2011-01-24,1290.59
0.05,1.0,P,910.0,2011-01-19,2011-01-24,1290.59
0.1,1.0,P,915.0,2011-01-19,2011-01-24,1290.59
0.1,1.0,P,920.0,2011-01-19,2011-01-24,1290.59
0.1,0.25,P,925.0,2011-01-19,2011-01-24,1290.59
0.05,1.0,P,930.0,2011-01-19,2011-01-24,1290.59
0.05,1.0,P,935.0,2011-01-19,2011-01-24,1290.59
0.05,1.0,P,940.0,2011-01-19,2011-01-24,1290.59
0.15,0.35,P,945.0,2011-01-19,2011-01-24,1290.59
0.25,0.3,P,950.0,2011-01-19,2011-01-24,1290.59
0.2,1.0,P,955.0,2011-01-19,2011-01-24,1290.59
0.25,0.35,P,960.0,2011-01-19,2011-01-24,1290.59
0.25,1.0,P,965.0,2011-01-19,2011-01-24,1290.59
0.25,1.0,P,970.0,2011-01-19,2011-01-24,1290.59
0.3,0.4,P,975.0,2011-01-19,2011-01-24,1290.59
0.3,1.0,P,980.0,2011-01-19,2011-01-24,1290.59
0.3,1.0,P,985.0,2011-01-19,2011-01-24,1290.59
0.2,1.0,P,990.0,2011-01-19,2011-01-24,1290.59
0.25,0.5,P,995.0,2011-01-19,2011-01-24,1290.59
0.4,0.5,P,1000.0,2011-01-19,2011-01-24,1290.59
0.15,1.0,P,1005.0,2011-01-19,2011-01-24,1290.59
0.15,1.0,P,1010.0,2011-01-19,2011-01-24,1290.59
0.1,1.0,P,1015.0,2011-01-19,2011-01-24,1290.59
0.1,1.0,P,1020.0,2011-01-19,2011-01-24,1290.59
0.1,0.65,P,1025.0,2011-01-19,2011-01-24,1290.59
0.1,1.0,P,1030.0,2011-01-19,2011-01-24,1290.59
0.2,1.0,P,1035.0,2011-01-19,2011-01-24,1290.59
0.6,1.05,P,1040.0,2011-01-19,2011-01-24,1290.59
0.2,1.1,P,1045.0,2011-01-19,2011-01-24,1290.59
0.7,0.85,P,1050.0,2011-01-19,2011-01-24,1290.59
0.35,1.2,P,1055.0,2011-01-19,2011-01-24,1290.59
0.4,1.05,P,1060.0,2011-01-19,2011-01-24,1290.59
0.35,1.3,P,1065.0,2011-01-19,2011-01-24,1290.59
0.35,1.3,P,1070.0,2011-01-19,2011-01-24,1290.59
0.8,1.0,P,1075.0,2011-01-19,2011-01-24,1290.59
0.45,1.4,P,1080.0,2011-01-19,2011-01-24,1290.59
0.55,1.5,P,1085.0,2011-01-19,2011-01-24,1290.59
0.55,1.5,P,1090.0,2011-01-19,2011-01-24,1290.59
0.6,1.55,P,1095.0,2011-01-19,2011-01-24,1290.59
1.25,1.35,P,1100.0,2011-01-19,2011-01-24,1290.59
1.15,1.6,P,1105.0,2011-01-19,2011-01-24,1290.59
1.25,1.75,P,1110.0,2011-01-19,2011-01-24,1290.59
0.85,1.8,P,1115.0,2011-01-19,2011-01-24,1290.59
0.85,1.6,P,1120.0,2011-01-19,2011-01-24,1290.59
1.0,1.85,P,1125.0,2011-01-19,2011-01-24,1290.59
1.05,2.0,P,1130.0,2011-01-19,2011-01-24,1290.59
1.1,2.05,P,1135.0,2011-01-19,2011-01-24,1290.59
1.65,2.05,P,1140.0,2011-01-19,2011-01-24,1290.59
1.35,2.25,P,1145.0,2011-01-19,2011-01-24,1290.59
2.0,2.2,P,1150.0,2011-01-19,2011-01-24,1290.59
1.5,2.45,P,1155.0,2011-01-19,2011-01-24,1290.59
2.15,2.55,P,1160.0,2011-01-19,2011-01-24,1290.59
1.75,2.7,P,1165.0,2011-01-19,2011-01-24,1290.59
1.85,2.8,P,1170.0,2011-01-19,2011-01-24,1290.59
2.5,2.8,P,1175.0,2011-01-19,2011-01-24,1290.59
2.75,3.6,P,1180.0,2011-01-19,2011-01-24,1290.59
2.1,3.6,P,1185.0,2011-01-19,2011-01-24,1290.59
2.2,3.7,P,1190.0,2011-01-19,2011-01-24,1290.59
2.45,3.9,P,1195.0,2011-01-19,2011-01-24,1290.59
3.5,3.9,P,1200.0,2011-01-19,2011-01-24,1290.59
2.95,4.5,P,1205.0,2011-01-19,2011-01-24,1290.59
3.3,4.8,P,1210.0,2011-01-19,2011-01-24,1290.59
3.6,5.1,P,1215.0,2011-01-19,2011-01-24,1290.59
4.0,5.5,P,1220.0,2011-01-19,2011-01-24,1290.59
4.4,5.9,P,1225.0,2011-01-19,2011-01-24,1290.59
4.8,6.3,P,1230.0,2011-01-19,2011-01-24,1290.59
5.2,7.0,P,1235.0,2011-01-19,2011-01-24,1290.59
6.4,7.6,P,1240.0,2011-01-19,2011-01-24,1290.59
6.5,8.4,P,1245.0,2011-01-19,2011-01-24,1290.59
8.1,9.1,P,1250.0,2011-01-19,2011-01-24,1290.59
8.1,9.9,P,1255.0,2011-01-19,2011-01-24,1290.59
10.0,10.9,P,1260.0,2011-01-19,2011-01-24,1290.59
10.2,13.1,P,1265.0,2011-01-19,2011-01-24,1290.59
12.0,13.8,P,1270.0,2011-01-19,2011-01-24,1290.59
13.2,15.0,P,1275.0,2011-01-19,2011-01-24,1290.59
15.2,16.9,P,1280.0,2011-01-19,2011-01-24,1290.59
17.0,18.7,P,1285.0,2011-01-19,2011-01-24,1290.59
18.9,20.7,P,1290.0,2011-01-19,2011-01-24,1290.59
19.8,22.9,P,1295.0,2011-01-19,2011-01-24,1290.59
23.5,25.6,P,1300.0,2011-01-19,2011-01-24,1290.59
24.7,28.5,P,1305.0,2011-01-19,2011-01-24,1290.59
27.6,31.5,P,1310.0,2011-01-19,2011-01-24,1290.59
30.8,34.7,P,1315.0,2011-01-19,2011-01-24,1290.59
34.1,38.0,P,1320.0,2011-01-19,2011-01-24,1290.59
37.9,41.8,P,1325.0,2011-01-19,2011-01-24,1290.59
41.8,45.7,P,1330.0,2011-01-19,2011-01-24,1290.59
46.1,49.9,P,1335.0,2011-01-19,2011-01-24,1290.59
50.5,54.3,P,1340.0,2011-01-19,2011-01-24,1290.59
55.0,58.8,P,1345.0,2011-01-19,2011-01-24,1290.59
59.6,63.5,P,1350.0,2011-01-19,2011-01-24,1290.59
64.4,68.2,P,1355.0,2011-01-19,2011-01-24,1290.59
69.2,73.0,P,1360.0,2011-01-19,2011-01-24,1290.59
74.1,77.9,P,1365.0,2011-01-19,2011-01-24,1290.59
79.0,82.7,P,1370.0,2011-01-19,2011-01-24,1290.59
83.8,87.7,P,1375.0,2011-01-19,2011-01-24,1290.59
88.9,92.6,P,1380.0,2011-01-19,2011-01-24,1290.59
93.7,97.6,P,1385.0,2011-01-19,2011-01-24,1290.59
98.8,102.6,P,1390.0,2011-01-19,2011-01-24,1290.59
103.7,107.5,P,1395.0,2011-01-19,2011-01-24,1290.59
108.7,112.5,P,1400.0,2011-01-19,2011-01-24,1290.59
118.7,122.5,P,1410.0,2011-01-19,2011-01-24,1290.59
128.7,132.5,P,1420.0,2011-01-19,2011-01-24,1290.59
133.7,137.5,P,1425.0,2011-01-19,2011-01-24,1290.59
148.6,152.4,P,1440.0,2011-01-19,2011-01-24,1290.59
158.5,162.4,P,1450.0,2011-01-19,2011-01-24,1290.59
168.5,172.4,P,1460.0,2011-01-19,2011-01-24,1290.59
178.6,182.4,P,1470.0,2011-01-19,2011-01-24,1290.59
183.6,187.4,P,1475.0,2011-01-19,2011-01-24,1290.59
208.5,212.4,P,1500.0,2011-01-19,2011-01-24,1290.59
258.5,262.3,P,1550.0,2011-01-19,2011-01-24,1290.59
308.5,312.3,P,1600.0,2011-01-19,2011-01-24,1290.59
358.4,362.3,P,1650.0,2011-01-19,2011-01-24,1290.59
408.4,412.3,P,1700.0,2011-01-19,2011-01-24,1290.59
458.5,462.3,P,1750.0,2011-01-19,2011-01-24,1290.59
508.5,512.2,P,1800.0,2011-01-19,2011-01-24,1290.59
608.5,612.2,P,1900.0,2011-01-19,2011-01-24,1290.59
708.4,712.2,P,2000.0,2011-01-19,2011-01-24,1290.59
0.05,0.1,P,700.0,2011-02-19,2011-01-24,1290.59
0.1,0.3,P,800.0,2011-02-19,2011-01-24,1290.59
0.05,1.0,P,810.0,2011-02-19,2011-01-24,1290.59
0.05,0.4,P,820.0,2011-02-19,2011-01-24,1290.59
0.05,0.5,P,825.0,2011-02-19,2011-01-24,1290.59
0.05,1.0,P,830.0,2011-02-19,2011-01-24,1290.59
0.05,1.0,P,840.0,2011-02-19,2011-01-24,1290.59
0.1,0.6,P,850.0,2011-02-19,2011-01-24,1290.59
0.05,1.0,P,855.0,2011-02-19,2011-01-24,1290.59
0.05,1.0,P,860.0,2011-02-19,2011-01-24,1290.59
0.05,1.0,P,865.0,2011-02-19,2011-01-24,1290.59
0.05,1.0,P,870.0,2011-02-19,2011-01-24,1290.59
0.05,0.75,P,875.0,2011-02-19,2011-01-24,1290.59
0.05,1.0,P,880.0,2011-02-19,2011-01-24,1290.59
0.05,1.0,P,885.0,2011-02-19,2011-01-24,1290.59
0.05,1.0,P,890.0,2011-02-19,2011-01-24,1290.59
0.05,1.0,P,895.0,2011-02-19,2011-01-24,1290.59
0.5,0.9,P,900.0,2011-02-19,2011-01-24,1290.59
0.05,1.0,P,905.0,2011-02-19,2011-01-24,1290.59
0.15,1.0,P,910.0,2011-02-19,2011-01-24,1290.59
0.2,1.05,P,915.0,2011-02-19,2011-01-24,1290.59
0.1,1.05,P,920.0,2011-02-19,2011-01-24,1290.59
0.15,1.1,P,925.0,2011-02-19,2011-01-24,1290.59
0.3,1.15,P,930.0,2011-02-19,2011-01-24,1290.59
0.2,1.15,P,935.0,2011-02-19,2011-01-24,1290.59
0.25,1.2,P,940.0,2011-02-19,2011-01-24,1290.59
0.35,1.25,P,945.0,2011-02-19,2011-01-24,1290.59
0.4,1.0,P,950.0,2011-02-19,2011-01-24,1290.59
0.45,1.0,P,955.0,2011-02-19,2011-01-24,1290.59
0.5,1.0,P,960.0,2011-02-19,2011-01-24,1290.59
0.55,1.1,P,965.0,2011-02-19,2011-01-24,1290.59
0.6,1.5,P,970.0,2011-02-19,2011-01-24,1290.59
0.65,1.55,P,975.0,2011-02-19,2011-01-24,1290.59
0.6,1.55,P,980.0,2011-02-19,2011-01-24,1290.59
0.7,1.6,P,985.0,2011-02-19,2011-01-24,1290.59
0.75,1.65,P,990.0,2011-02-19,2011-01-24,1290.59
0.8,1.7,P,995.0,2011-02-19,2011-01-24,1290.59
1.05,1.55,P,1000.0,2011-02-19,2011-01-24,1290.59
0.9,1.8,P,1005.0,2011-02-19,2011-01-24,1290.59
0.9,1.85,P,1010.0,2011-02-19,2011-01-24,1290.59
1.0,1.9,P,1015.0,2011-02-19,2011-01-24,1290.59
1.0,1.95,P,1020.0,2011-02-19,2011-01-24,1290.59
1.1,2.05,P,1025.0,2011-02-19,2011-01-24,1290.59
1.2,2.15,P,1030.0,2011-02-19,2011-01-24,1290.59
1.3,2.25,P,1035.0,2011-02-19,2011-01-24,1290.59
1.45,2.35,P,1040.0,2011-02-19,2011-01-24,1290.59
1.55,2.45,P,1045.0,2011-02-19,2011-01-24,1290.59
2.0,2.55,P,1050.0,2011-02-19,2011-01-24,1290.59
1.75,2.65,P,1055.0,2011-02-19,2011-01-24,1290.59
1.85,2.75,P,1060.0,2011-02-19,2011-01-24,1290.59
1.9,2.85,P,1065.0,2011-02-19,2011-01-24,1290.59
2.05,2.95,P,1070.0,2011-02-19,2011-01-24,1290.59
2.05,3.6,P,1075.0,2011-02-19,2011-01-24,1290.59
2.2,3.6,P,1080.0,2011-02-19,2011-01-24,1290.59
2.1,3.6,P,1085.0,2011-02-19,2011-01-24,1290.59
2.3,3.7,P,1090.0,2011-02-19,2011-01-24,1290.59
2.4,3.9,P,1095.0,2011-02-19,2011-01-24,1290.59
3.3,4.0,P,1100.0,2011-02-19,2011-01-24,1290.59
3.2,4.2,P,1105.0,2011-02-19,2011-01-24,1290.59
2.85,4.4,P,1110.0,2011-02-19,2011-01-24,1290.59
3.1,4.5,P,1115.0,2011-02-19,2011-01-24,1290.59
3.1,4.6,P,1120.0,2011-02-19,2011-01-24,1290.59
3.4,4.3,P,1125.0,2011-02-19,2011-01-24,1290.59
3.5,5.0,P,1130.0,2011-02-19,2011-01-24,1290.59
3.7,5.2,P,1135.0,2011-02-19,2011-01-24,1290.59
4.0,5.5,P,1140.0,2011-02-19,2011-01-24,1290.59
4.2,5.7,P,1145.0,2011-02-19,2011-01-24,1290.59
5.1,5.8,P,1150.0,2011-02-19,2011-01-24,1290.59
4.9,6.3,P,1155.0,2011-02-19,2011-01-24,1290.59
5.0,6.5,P,1160.0,2011-02-19,2011-01-24,1290.59
5.2,7.1,P,1165.0,2011-02-19,2011-01-24,1290.59
5.5,7.4,P,1170.0,2011-02-19,2011-01-24,1290.59
6.0,7.7,P,1175.0,2011-02-19,2011-01-24,1290.59
6.3,8.2,P,1180.0,2011-02-19,2011-01-24,1290.59
6.7,8.6,P,1185.0,2011-02-19,2011-01-24,1290.59
7.2,9.1,P,1190.0,2011-02-19,2011-01-24,1290.59
7.7,9.5,P,1195.0,2011-02-19,2011-01-24,1290.59
9.2,10.0,P,1200.0,2011-02-19,2011-01-24,1290.59
8.7,10.6,P,1205.0,2011-02-19,2011-01-24,1290.59
9.4,11.3,P,1210.0,2011-02-19,2011-01-24,1290.59
10.0,11.9,P,1215.0,2011-02-19,2011-01-24,1290.59
10.3,13.3,P,1220.0,2011-02-19,2011-01-24,1290.59
11.1,14.1,P,1225.0,2011-02-19,2011-01-24,1290.59
12.0,14.9,P,1230.0,2011-02-19,2011-01-24,1290.59
12.8,15.8,P,1235.0,2011-02-19,2011-01-24,1290.59
13.8,16.8,P,1240.0,2011-02-19,2011-01-24,1290.59
14.7,17.7,P,1245.0,2011-02-19,2011-01-24,1290.59
17.0,18.5,P,1250.0,2011-02-19,2011-01-24,1290.59
17.2,20.2,P,1255.0,2011-02-19,2011-01-24,1290.59
18.5,21.5,P,1260.0,2011-02-19,2011-01-24,1290.59
19.8,22.8,P,1265.0,2011-02-19,2011-01-24,1290.59
21.1,24.8,P,1270.0,2011-02-19,2011-01-24,1290.59
23.0,26.4,P,1275.0,2011-02-19,2011-01-24,1290.59
24.4,28.2,P,1280.0,2011-02-19,2011-01-24,1290.59
26.3,30.1,P,1285.0,2011-02-19,2011-01-24,1290.59
29.5,32.1,P,1290.0,2011-02-19,2011-01-24,1290.59
30.7,34.5,P,1295.0,2011-02-19,2011-01-24,1290.59
33.0,36.9,P,1300.0,2011-02-19,2011-01-24,1290.59
35.5,39.2,P,1305.0,2011-02-19,2011-01-24,1290.59
38.3,42.1,P,1310.0,2011-02-19,2011-01-24,1290.59
41.2,44.8,P,1315.0,2011-02-19,2011-01-24,1290.59
44.1,48.0,P,1320.0,2011-02-19,2011-01-24,1290.59
47.4,51.2,P,1325.0,2011-02-19,2011-01-24,1290.59
50.7,54.5,P,1330.0,2011-02-19,2011-01-24,1290.59
54.0,57.8,P,1335.0,2011-02-19,2011-01-24,1290.59
57.6,61.5,P,1340.0,2011-02-19,2011-01-24,1290.59
61.6,65.4,P,1345.0,2011-02-19,2011-01-24,1290.59
65.4,69.3,P,1350.0,2011-02-19,2011-01-24,1290.59
69.6,73.4,P,1355.0,2011-02-19,2011-01-24,1290.59
73.9,77.8,P,1360.0,2011-02-19,2011-01-24,1290.59
78.4,82.2,P,1365.0,2011-02-19,2011-01-24,1290.59
82.9,86.7,P,1370.0,2011-02-19,2011-01-24,1290.59
87.4,91.3,P,1375.0,2011-02-19,2011-01-24,1290.59
93.0,96.1,P,1380.0,2011-02-19,2011-01-24,1290.59
96.8,100.6,P,1385.0,2011-02-19,2011-01-24,1290.59
101.4,105.3,P,1390.0,2011-02-19,2011-01-24,1290.59
106.2,110.1,P,1395.0,2011-02-19,2011-01-24,1290.59
111.0,114.9,P,1400.0,2011-02-19,2011-01-24,1290.59
120.8,124.6,P,1410.0,2011-02-19,2011-01-24,1290.59
130.6,134.4,P,1420.0,2011-02-19,2011-01-24,1290.59
135.5,139.4,P,1425.0,2011-02-19,2011-01-24,1290.59
140.5,144.3,P,1430.0,2011-02-19,2011-01-24,1290.59
150.5,154.3,P,1440.0,2011-02-19,2011-01-24,1290.59
160.5,164.2,P,1450.0,2011-02-19,2011-01-24,1290.59
185.3,189.2,P,1475.0,2011-02-19,2011-01-24,1290.59
210.4,214.1,P,1500.0,2011-02-19,2011-01-24,1290.59
235.2,239.0,P,1525.0,2011-02-19,2011-01-24,1290.59
260.2,263.9,P,1550.0,2011-02-19,2011-01-24,1290.59
285.2,288.9,P,1575.0,2011-02-19,2011-01-24,1290.59
310.1,313.9,P,1600.0,2011-02-19,2011-01-24,1290.59
360.0,363.9,P,1650.0,2011-02-19,2011-01-24,1290.59
410.0,413.8,P,1700.0,2011-02-19,2011-01-24,1290.59
459.9,463.8,P,1750.0,2011-02-19,2011-01-24,1290.59
510.0,513.8,P,1800.0,2011-02-19,2011-01-24,1290.59
609.9,613.7,P,1900.0,2011-02-19,2011-01-24,1290.59
709.9,713.6,P,2000.0,2011-02-19,2011-01-24,1290.59
809.7,813.6,P,2100.0,2011-02-19,2011-01-24,1290.59
0.05,0.15,P,650.0,2011-03-16,2011-01-24,1290.59
0.25,1.0,P,800.0,2011-03-16,2011-01-24,1290.59
0.1,1.05,P,810.0,2011-03-16,2011-01-24,1290.59
0.15,1.1,P,820.0,2011-03-16,2011-01-24,1290.59
0.2,1.1,P,825.0,2011-03-16,2011-01-24,1290.59
0.2,1.15,P,830.0,2011-03-16,2011-01-24,1290.59
0.25,1.2,P,840.0,2011-03-16,2011-01-24,1290.59
0.3,1.25,P,850.0,2011-03-16,2011-01-24,1290.59
0.4,1.35,P,860.0,2011-03-16,2011-01-24,1290.59
0.45,1.4,P,870.0,2011-03-16,2011-01-24,1290.59
0.9,1.25,P,875.0,2011-03-16,2011-01-24,1290.59
0.6,1.5,P,880.0,2011-03-16,2011-01-24,1290.59
0.65,1.6,P,890.0,2011-03-16,2011-01-24,1290.59
0.75,1.7,P,900.0,2011-03-16,2011-01-24,1290.59
0.9,1.8,P,910.0,2011-03-16,2011-01-24,1290.59
0.95,1.9,P,920.0,2011-03-16,2011-01-24,1290.59
1.0,1.95,P,925.0,2011-03-16,2011-01-24,1290.59
1.1,2.05,P,930.0,2011-03-16,2011-01-24,1290.59
1.15,2.1,P,940.0,2011-03-16,2011-01-24,1290.59
1.3,2.25,P,950.0,2011-03-16,2011-01-24,1290.59
1.45,2.4,P,960.0,2011-03-16,2011-01-24,1290.59
1.75,2.6,P,970.0,2011-03-16,2011-01-24,1290.59
1.75,2.7,P,975.0,2011-03-16,2011-01-24,1290.59
1.85,2.8,P,980.0,2011-03-16,2011-01-24,1290.59
2.05,3.6,P,990.0,2011-03-16,2011-01-24,1290.59
2.05,3.6,P,1000.0,2011-03-16,2011-01-24,1290.59
2.3,3.8,P,1010.0,2011-03-16,2011-01-24,1290.59
2.6,4.1,P,1020.0,2011-03-16,2011-01-24,1290.59
2.75,4.2,P,1025.0,2011-03-16,2011-01-24,1290.59
2.85,4.3,P,1030.0,2011-03-16,2011-01-24,1290.59
3.1,4.6,P,1040.0,2011-03-16,2011-01-24,1290.59
3.4,4.9,P,1050.0,2011-03-16,2011-01-24,1290.59
3.7,5.2,P,1060.0,2011-03-16,2011-01-24,1290.59
4.1,5.6,P,1070.0,2011-03-16,2011-01-24,1290.59
4.3,5.8,P,1075.0,2011-03-16,2011-01-24,1290.59
4.6,6.0,P,1080.0,2011-03-16,2011-01-24,1290.59
5.0,6.5,P,1090.0,2011-03-16,2011-01-24,1290.59
5.6,7.2,P,1100.0,2011-03-16,2011-01-24,1290.59
5.8,7.7,P,1110.0,2011-03-16,2011-01-24,1290.59
6.5,8.3,P,1120.0,2011-03-16,2011-01-24,1290.59
6.8,8.7,P,1125.0,2011-03-16,2011-01-24,1290.59
7.2,9.0,P,1130.0,2011-03-16,2011-01-24,1290.59
8.1,9.9,P,1140.0,2011-03-16,2011-01-24,1290.59
8.8,10.7,P,1150.0,2011-03-16,2011-01-24,1290.59
9.8,11.7,P,1160.0,2011-03-16,2011-01-24,1290.59
10.2,13.2,P,1170.0,2011-03-16,2011-01-24,1290.59
11.1,13.8,P,1175.0,2011-03-16,2011-01-24,1290.59
11.4,14.4,P,1180.0,2011-03-16,2011-01-24,1290.59
12.8,15.8,P,1190.0,2011-03-16,2011-01-24,1290.59
15.0,17.0,P,1200.0,2011-03-16,2011-01-24,1290.59
16.0,19.0,P,1210.0,2011-03-16,2011-01-24,1290.59
17.8,20.8,P,1220.0,2011-03-16,2011-01-24,1290.59
18.9,21.8,P,1225.0,2011-03-16,2011-01-24,1290.59
19.8,22.8,P,1230.0,2011-03-16,2011-01-24,1290.59
22.0,25.7,P,1240.0,2011-03-16,2011-01-24,1290.59
24.7,28.4,P,1250.0,2011-03-16,2011-01-24,1290.59
27.4,31.2,P,1260.0,2011-03-16,2011-01-24,1290.59
30.7,34.4,P,1270.0,2011-03-16,2011-01-24,1290.59
32.5,36.4,P,1275.0,2011-03-16,2011-01-24,1290.59
34.4,38.2,P,1280.0,2011-03-16,2011-01-24,1290.59
38.4,42.1,P,1290.0,2011-03-16,2011-01-24,1290.59
43.0,46.6,P,1300.0,2011-03-16,2011-01-24,1290.59
47.9,51.6,P,1310.0,2011-03-16,2011-01-24,1290.59
53.4,57.2,P,1320.0,2011-03-16,2011-01-24,1290.59
56.3,60.0,P,1325.0,2011-03-16,2011-01-24,1290.59
59.4,63.2,P,1330.0,2011-03-16,2011-01-24,1290.59
66.0,69.7,P,1340.0,2011-03-16,2011-01-24,1290.59
72.6,76.5,P,1350.0,2011-03-16,2011-01-24,1290.59
80.1,83.9,P,1360.0,2011-03-16,2011-01-24,1290.59
88.0,91.8,P,1370.0,2011-03-16,2011-01-24,1290.59
92.1,95.9,P,1375.0,2011-03-16,2011-01-24,1290.59
96.3,100.2,P,1380.0,2011-03-16,2011-01-24,1290.59
105.1,109.0,P,1390.0,2011-03-16,2011-01-24,1290.59
114.3,118.1,P,1400.0,2011-03-16,2011-01-24,1290.59
123.5,127.3,P,1410.0,2011-03-16,2011-01-24,1290.59
132.9,136.7,P,1420.0,2011-03-16,2011-01-24,1290.59
137.7,141.5,P,1425.0,2011-03-16,2011-01-24,1290.59
142.5,146.3,P,1430.0,2011-03-16,2011-01-24,1290.59
152.1,156.0,P,1440.0,2011-03-16,2011-01-24,1290.59
161.9,165.7,P,1450.0,2011-03-16,2011-01-24,1290.59
171.7,175.6,P,1460.0,2011-03-16,2011-01-24,1290.59
186.7,190.4,P,1475.0,2011-03-16,2011-01-24,1290.59
191.6,195.4,P,1480.0,2011-03-16,2011-01-24,1290.59
211.5,215.3,P,1500.0,2011-03-16,2011-01-24,1290.59
261.4,265.1,P,1550.0,2011-03-16,2011-01-24,1290.59
311.3,315.0,P,1600.0,2011-03-16,2011-01-24,1290.59
361.2,364.9,P,1650.0,2011-03-16,2011-01-24,1290.59
411.1,414.9,P,1700.0,2011-03-16,2011-01-24,1290.59
461.1,464.8,P,1750.0,2011-03-16,2011-01-24,1290.59
511.0,514.8,P,1800.0,2011-03-16,2011-01-24,1290.59
0.25,1.2,P,750.0,2011-04-21,2011-01-24,1290.59
0.7,1.6,P,800.0,2011-04-21,2011-01-24,1290.59
0.9,1.85,P,825.0,2011-04-21,2011-01-24,1290.59
1.2,2.15,P,850.0,2011-04-21,2011-01-24,1290.59
1.5,2.45,P,875.0,2011-04-21,2011-01-24,1290.59
1.95,2.9,P,900.0,2011-04-21,2011-01-24,1290.59
2.25,3.7,P,925.0,2011-04-21,2011-01-24,1290.59
2.95,4.4,P,950.0,2011-04-21,2011-01-24,1290.59
3.6,5.1,P,975.0,2011-04-21,2011-01-24,1290.59
4.4,5.9,P,1000.0,2011-04-21,2011-01-24,1290.59
5.3,7.2,P,1025.0,2011-04-21,2011-01-24,1290.59
6.5,8.4,P,1050.0,2011-04-21,2011-01-24,1290.59
8.0,9.2,P,1075.0,2011-04-21,2011-01-24,1290.59
9.9,11.8,P,1100.0,2011-04-21,2011-01-24,1290.59
11.7,14.7,P,1125.0,2011-04-21,2011-01-24,1290.59
14.7,17.7,P,1150.0,2011-04-21,2011-01-24,1290.59
18.4,21.3,P,1175.0,2011-04-21,2011-01-24,1290.59
22.6,26.2,P,1200.0,2011-04-21,2011-01-24,1290.59
28.1,31.8,P,1225.0,2011-04-21,2011-01-24,1290.59
34.9,38.7,P,1250.0,2011-04-21,2011-01-24,1290.59
43.5,47.2,P,1275.0,2011-04-21,2011-01-24,1290.59
54.1,57.9,P,1300.0,2011-04-21,2011-01-24,1290.59
67.1,70.8,P,1325.0,2011-04-21,2011-01-24,1290.59
82.6,86.4,P,1350.0,2011-04-21,2011-01-24,1290.59
100.6,104.2,P,1375.0,2011-04-21,2011-01-24,1290.59
120.2,124.0,P,1400.0,2011-04-21,2011-01-24,1290.59
142.9,146.4,P,1425.0,2011-04-21,2011-01-24,1290.59
165.6,169.4,P,1450.0,2011-04-21,2011-01-24,1290.59
189.5,193.4,P,1475.0,2011-04-21,2011-01-24,1290.59
213.9,217.8,P,1500.0,2011-04-21,2011-01-24,1290.59
238.7,242.5,P,1525.0,2011-04-21,2011-01-24,1290.59
263.6,267.4,P,1550.0,2011-04-21,2011-01-24,1290.59
288.4,292.3,P,1575.0,2011-04-21,2011-01-24,1290.59
313.4,317.2,P,1600.0,2011-04-21,2011-01-24,1290.59
363.4,367.1,P,1650.0,2011-04-21,2011-01-24,1290.59
413.1,417.0,P,1700.0,2011-04-21,2011-01-24,1290.59
513.1,516.8,P,1800.0,2011-04-21,2011-01-24,1290.59
0.05,0.25,P,300.0,2011-05-18,2011-01-24,1290.59
0.05,0.25,P,325.0,2011-05-18,2011-01-24,1290.59
0.05,0.5,P,350.0,2011-05-18,2011-01-24,1290.59
0.05,0.5,P,375.0,2011-05-18,2011-01-24,1290.59
0.05,0.15,P,400.0,2011-05-18,2011-01-24,1290.59
0.05,0.2,P,425.0,2011-05-18,2011-01-24,1290.59
0.05,0.2,P,450.0,2011-05-18,2011-01-24,1290.59
0.05,0.2,P,475.0,2011-05-18,2011-01-24,1290.59
0.05,0.25,P,525.0,2011-05-18,2011-01-24,1290.59
0.05,0.25,P,550.0,2011-05-18,2011-01-24,1290.59
0.05,0.4,P,600.0,2011-05-18,2011-01-24,1290.59
0.05,0.5,P,625.0,2011-05-18,2011-01-24,1290.59
0.45,0.6,P,650.0,2011-05-18,2011-01-24,1290.59
0.4,1.1,P,675.0,2011-05-18,2011-01-24,1290.59
0.3,1.2,P,700.0,2011-05-18,2011-01-24,1290.59
0.45,1.4,P,725.0,2011-05-18,2011-01-24,1290.59
0.8,1.6,P,750.0,2011-05-18,2011-01-24,1290.59
0.95,1.9,P,775.0,2011-05-18,2011-01-24,1290.59
1.3,2.25,P,800.0,2011-05-18,2011-01-24,1290.59
1.65,2.6,P,825.0,2011-05-18,2011-01-24,1290.59
2.0,3.0,P,850.0,2011-05-18,2011-01-24,1290.59
2.3,3.8,P,875.0,2011-05-18,2011-01-24,1290.59
2.95,4.5,P,900.0,2011-05-18,2011-01-24,1290.59
3.7,5.2,P,925.0,2011-05-18,2011-01-24,1290.59
4.6,6.0,P,950.0,2011-05-18,2011-01-24,1290.59
5.4,7.2,P,975.0,2011-05-18,2011-01-24,1290.59
6.4,8.3,P,1000.0,2011-05-18,2011-01-24,1290.59
7.8,9.7,P,1025.0,2011-05-18,2011-01-24,1290.59
10.0,11.4,P,1050.0,2011-05-18,2011-01-24,1290.59
10.1,13.2,P,1060.0,2011-05-18,2011-01-24,1290.59
11.1,14.1,P,1075.0,2011-05-18,2011-01-24,1290.59
11.6,14.5,P,1080.0,2011-05-18,2011-01-24,1290.59
13.4,16.4,P,1100.0,2011-05-18,2011-01-24,1290.59
15.7,18.7,P,1120.0,2011-05-18,2011-01-24,1290.59
16.4,19.4,P,1125.0,2011-05-18,2011-01-24,1290.59
19.9,22.9,P,1150.0,2011-05-18,2011-01-24,1290.59
23.8,27.6,P,1175.0,2011-05-18,2011-01-24,1290.59
26.8,30.6,P,1190.0,2011-05-18,2011-01-24,1290.59
28.8,32.1,P,1200.0,2011-05-18,2011-01-24,1290.59
35.3,39.0,P,1225.0,2011-05-18,2011-01-24,1290.59
42.5,46.3,P,1250.0,2011-05-18,2011-01-24,1290.59
51.7,55.4,P,1275.0,2011-05-18,2011-01-24,1290.59
62.3,66.1,P,1300.0,2011-05-18,2011-01-24,1290.59
75.1,78.8,P,1325.0,2011-05-18,2011-01-24,1290.59
90.0,93.8,P,1350.0,2011-05-18,2011-01-24,1290.59
99.9,103.7,P,1365.0,2011-05-18,2011-01-24,1290.59
106.7,110.6,P,1375.0,2011-05-18,2011-01-24,1290.59
125.7,129.5,P,1400.0,2011-05-18,2011-01-24,1290.59
146.8,150.6,P,1425.0,2011-05-18,2011-01-24,1290.59
169.0,172.7,P,1450.0,2011-05-18,2011-01-24,1290.59
192.8,196.3,P,1475.0,2011-05-18,2011-01-24,1290.59
216.3,220.1,P,1500.0,2011-05-18,2011-01-24,1290.59
265.3,269.1,P,1550.0,2011-05-18,2011-01-24,1290.59
315.0,318.8,P,1600.0,2011-05-18,2011-01-24,1290.59
364.8,368.6,P,1650.0,2011-05-18,2011-01-24,1290.59
414.6,418.5,P,1700.0,2011-05-18,2011-01-24,1290.59
514.6,518.3,P,1800.0,2011-05-18,2011-01-24,1290.59
614.4,618.1,P,1900.0,2011-05-18,2011-01-24,1290.59
714.2,718.0,P,2000.0,2011-05-18,2011-01-24,1290.59
963.7,967.6,P,2250.0,2011-05-18,2011-01-24,1290.59
1213.3,1217.2,P,2500.0,2011-05-18,2011-01-24,1290.59
1712.6,1716.4,P,3000.0,2011-05-18,2011-01-24,1290.59
0.05,0.25,P,200.0,2011-08-17,2011-01-24,1290.59
0.05,0.5,P,300.0,2011-08-17,2011-01-24,1290.59
0.15,0.5,P,350.0,2011-08-17,2011-01-24,1290.59
0.2,0.5,P,400.0,2011-08-17,2011-01-24,1290.59
0.25,0.9,P,500.0,2011-08-17,2011-01-24,1290.59
0.75,1.45,P,550.0,2011-08-17,2011-01-24,1290.59
0.95,1.8,P,600.0,2011-08-17,2011-01-24,1290.59
1.1,2.05,P,625.0,2011-08-17,2011-01-24,1290.59
1.4,2.35,P,650.0,2011-08-17,2011-01-24,1290.59
1.75,2.7,P,675.0,2011-08-17,2011-01-24,1290.59
2.0,3.6,P,700.0,2011-08-17,2011-01-24,1290.59
2.4,3.9,P,725.0,2011-08-17,2011-01-24,1290.59
2.9,4.4,P,750.0,2011-08-17,2011-01-24,1290.59
3.5,5.0,P,775.0,2011-08-17,2011-01-24,1290.59
4.1,5.6,P,800.0,2011-08-17,2011-01-24,1290.59
4.9,6.4,P,825.0,2011-08-17,2011-01-24,1290.59
5.7,7.5,P,850.0,2011-08-17,2011-01-24,1290.59
6.8,8.7,P,875.0,2011-08-17,2011-01-24,1290.59
8.5,9.9,P,900.0,2011-08-17,2011-01-24,1290.59
9.5,11.4,P,925.0,2011-08-17,2011-01-24,1290.59
10.7,13.7,P,950.0,2011-08-17,2011-01-24,1290.59
12.8,15.7,P,975.0,2011-08-17,2011-01-24,1290.59
14.8,17.3,P,1000.0,2011-08-17,2011-01-24,1290.59
17.5,20.5,P,1025.0,2011-08-17,2011-01-24,1290.59
20.2,24.1,P,1050.0,2011-08-17,2011-01-24,1290.59
23.3,27.1,P,1075.0,2011-08-17,2011-01-24,1290.59
27.2,31.0,P,1100.0,2011-08-17,2011-01-24,1290.59
31.6,35.3,P,1125.0,2011-08-17,2011-01-24,1290.59
36.7,40.5,P,1150.0,2011-08-17,2011-01-24,1290.59
42.6,46.2,P,1175.0,2011-08-17,2011-01-24,1290.59
49.1,52.8,P,1200.0,2011-08-17,2011-01-24,1290.59
56.3,60.1,P,1225.0,2011-08-17,2011-01-24,1290.59
64.9,68.7,P,1250.0,2011-08-17,2011-01-24,1290.59
74.6,78.4,P,1275.0,2011-08-17,2011-01-24,1290.59
85.7,89.4,P,1300.0,2011-08-17,2011-01-24,1290.59
98.1,101.8,P,1325.0,2011-08-17,2011-01-24,1290.59
112.0,115.7,P,1350.0,2011-08-17,2011-01-24,1290.59
127.4,131.1,P,1375.0,2011-08-17,2011-01-24,1290.59
144.4,148.0,P,1400.0,2011-08-17,2011-01-24,1290.59
163.0,166.6,P,1425.0,2011-08-17,2011-01-24,1290.59
182.7,186.4,P,1450.0,2011-08-17,2011-01-24,1290.59
203.7,207.4,P,1475.0,2011-08-17,2011-01-24,1290.59
226.1,229.6,P,1500.0,2011-08-17,2011-01-24,1290.59
248.8,252.6,P,1525.0,2011-08-17,2011-01-24,1290.59
272.1,275.9,P,1550.0,2011-08-17,2011-01-24,1290.59
320.8,324.5,P,1600.0,2011-08-17,2011-01-24,1290.59
369.8,373.5,P,1650.0,2011-08-17,2011-01-24,1290.59
419.5,423.2,P,1700.0,2011-08-17,2011-01-24,1290.59
469.5,473.2,P,1750.0,2011-08-17,2011-01-24,1290.59
519.4,522.9,P,1800.0,2011-08-17,2011-01-24,1290.59
619.1,622.6,P,1900.0,2011-08-17,2011-01-24,1290.59
718.8,722.3,P,2000.0,2011-08-17,2011-01-24,1290.59
1216.9,1220.8,P,2500.0,2011-08-17,2011-01-24,1290.59
1715.6,1719.4,P,3000.0,2011-08-17,2011-01-24,1290.59
0.05,0.1,P,100.0,2011-11-17,2011-01-24,1290.59
0.05,0.15,P,150.0,2011-11-17,2011-01-24,1290.59
0.1,0.2,P,200.0,2011-11-17,2011-01-24,1290.59
0.2,0.25,P,225.0,2011-11-17,2011-01-24,1290.59
0.25,0.3,P,250.0,2011-11-17,2011-01-24,1290.59
0.25,0.7,P,275.0,2011-11-17,2011-01-24,1290.59
0.3,2.0,P,280.0,2011-11-17,2011-01-24,1290.59
0.35,0.5,P,300.0,2011-11-17,2011-01-24,1290.59
0.4,2.0,P,325.0,2011-11-17,2011-01-24,1290.59
0.5,2.0,P,350.0,2011-11-17,2011-01-24,1290.59
0.5,2.0,P,375.0,2011-11-17,2011-01-24,1290.59
0.55,0.7,P,400.0,2011-11-17,2011-01-24,1290.59
0.65,2.0,P,425.0,2011-11-17,2011-01-24,1290.59
0.7,2.0,P,450.0,2011-11-17,2011-01-24,1290.59
0.75,2.0,P,475.0,2011-11-17,2011-01-24,1290.59
0.9,2.0,P,500.0,2011-11-17,2011-01-24,1290.59
1.05,2.5,P,525.0,2011-11-17,2011-01-24,1290.59
1.25,2.0,P,550.0,2011-11-17,2011-01-24,1290.59
1.3,3.1,P,575.0,2011-11-17,2011-01-24,1290.59
2.6,3.0,P,600.0,2011-11-17,2011-01-24,1290.59
2.8,5.3,P,650.0,2011-11-17,2011-01-24,1290.59
4.8,6.1,P,700.0,2011-11-17,2011-01-24,1290.59
5.0,7.2,P,725.0,2011-11-17,2011-01-24,1290.59
6.8,8.1,P,750.0,2011-11-17,2011-01-24,1290.59
5.6,9.5,P,770.0,2011-11-17,2011-01-24,1290.59
5.7,8.4,P,775.0,2011-11-17,2011-01-24,1290.59
7.1,9.5,P,800.0,2011-11-17,2011-01-24,1290.59
8.4,11.0,P,825.0,2011-11-17,2011-01-24,1290.59
11.8,13.9,P,850.0,2011-11-17,2011-01-24,1290.59
10.6,16.9,P,875.0,2011-11-17,2011-01-24,1290.59
12.7,18.0,P,900.0,2011-11-17,2011-01-24,1290.59
14.6,20.6,P,920.0,2011-11-17,2011-01-24,1290.59
14.9,21.2,P,925.0,2011-11-17,2011-01-24,1290.59
17.4,23.5,P,950.0,2011-11-17,2011-01-24,1290.59
20.2,28.0,P,975.0,2011-11-17,2011-01-24,1290.59
22.7,30.4,P,1000.0,2011-11-17,2011-01-24,1290.59
26.1,33.8,P,1025.0,2011-11-17,2011-01-24,1290.59
27.0,34.6,P,1030.0,2011-11-17,2011-01-24,1290.59
30.0,37.7,P,1050.0,2011-11-17,2011-01-24,1290.59
34.5,42.1,P,1075.0,2011-11-17,2011-01-24,1290.59
37.1,44.8,P,1090.0,2011-11-17,2011-01-24,1290.59
38.1,45.8,P,1095.0,2011-11-17,2011-01-24,1290.59
39.1,46.8,P,1100.0,2011-11-17,2011-01-24,1290.59
44.5,52.2,P,1125.0,2011-11-17,2011-01-24,1290.59
48.2,55.8,P,1140.0,2011-11-17,2011-01-24,1290.59
50.6,58.1,P,1150.0,2011-11-17,2011-01-24,1290.59
57.1,64.8,P,1175.0,2011-11-17,2011-01-24,1290.59
58.5,66.2,P,1180.0,2011-11-17,2011-01-24,1290.59
64.5,72.2,P,1200.0,2011-11-17,2011-01-24,1290.59
72.7,80.4,P,1225.0,2011-11-17,2011-01-24,1290.59
81.9,89.5,P,1250.0,2011-11-17,2011-01-24,1290.59
92.0,99.6,P,1275.0,2011-11-17,2011-01-24,1290.59
102.8,110.5,P,1300.0,2011-11-17,2011-01-24,1290.59
115.1,122.8,P,1325.0,2011-11-17,2011-01-24,1290.59
128.6,136.3,P,1350.0,2011-11-17,2011-01-24,1290.59
143.3,151.0,P,1375.0,2011-11-17,2011-01-24,1290.59
159.2,167.1,P,1400.0,2011-11-17,2011-01-24,1290.59
176.5,184.1,P,1425.0,2011-11-17,2011-01-24,1290.59
194.9,202.5,P,1450.0,2011-11-17,2011-01-24,1290.59
214.4,222.0,P,1475.0,2011-11-17,2011-01-24,1290.59
235.0,242.8,P,1500.0,2011-11-17,2011-01-24,1290.59
279.1,286.5,P,1550.0,2011-11-17,2011-01-24,1290.59
325.5,333.3,P,1600.0,2011-11-17,2011-01-24,1290.59
422.6,430.1,P,1700.0,2011-11-17,2011-01-24,1290.59
521.8,529.3,P,1800.0,2011-11-17,2011-01-24,1290.59
621.2,628.7,P,1900.0,2011-11-17,2011-01-24,1290.59
720.7,728.5,P,2000.0,2011-11-17,2011-01-24,1290.59
969.6,977.5,P,2250.0,2011-11-17,2011-01-24,1290.59
1218.8,1226.3,P,2500.0,2011-11-17,2011-01-24,1290.59
1716.7,1724.6,P,3000.0,2011-11-17,2011-01-24,1290.59
0.2,0.4,P,100.0,2012-05-16,2011-01-24,1290.59
0.15,2.0,P,200.0,2012-05-16,2011-01-24,1290.59
0.05,2.0,P,300.0,2012-05-16,2011-01-24,1290.59
0.95,2.8,P,400.0,2012-05-16,2011-01-24,1290.59
1.6,3.5,P,450.0,2012-05-16,2011-01-24,1290.59
2.05,5.2,P,500.0,2012-05-16,2011-01-24,1290.59
3.2,6.3,P,550.0,2012-05-16,2011-01-24,1290.59
5.0,8.1,P,600.0,2012-05-16,2011-01-24,1290.59
6.9,10.7,P,650.0,2012-05-16,2011-01-24,1290.59
9.8,13.5,P,700.0,2012-05-16,2011-01-24,1290.59
10.3,16.4,P,725.0,2012-05-16,2011-01-24,1290.59
12.0,18.3,P,750.0,2012-05-16,2011-01-24,1290.59
13.9,20.2,P,775.0,2012-05-16,2011-01-24,1290.59
16.3,22.3,P,800.0,2012-05-16,2011-01-24,1290.59
18.5,24.8,P,825.0,2012-05-16,2011-01-24,1290.59
20.5,28.1,P,850.0,2012-05-16,2011-01-24,1290.59
23.3,30.9,P,875.0,2012-05-16,2011-01-24,1290.59
26.2,33.9,P,900.0,2012-05-16,2011-01-24,1290.59
29.6,37.3,P,925.0,2012-05-16,2011-01-24,1290.59
33.2,40.9,P,950.0,2012-05-16,2011-01-24,1290.59
37.4,45.0,P,975.0,2012-05-16,2011-01-24,1290.59
41.7,49.3,P,1000.0,2012-05-16,2011-01-24,1290.59
46.4,54.0,P,1025.0,2012-05-16,2011-01-24,1290.59
51.6,59.2,P,1050.0,2012-05-16,2011-01-24,1290.59
57.0,64.6,P,1075.0,2012-05-16,2011-01-24,1290.59
62.9,70.6,P,1100.0,2012-05-16,2011-01-24,1290.59
69.5,77.1,P,1125.0,2012-05-16,2011-01-24,1290.59
76.6,84.2,P,1150.0,2012-05-16,2011-01-24,1290.59
84.2,91.8,P,1175.0,2012-05-16,2011-01-24,1290.59
92.5,100.2,P,1200.0,2012-05-16,2011-01-24,1290.59
101.6,109.2,P,1225.0,2012-05-16,2011-01-24,1290.59
111.4,118.9,P,1250.0,2012-05-16,2011-01-24,1290.59
121.8,129.5,P,1275.0,2012-05-16,2011-01-24,1290.59
133.3,140.8,P,1300.0,2012-05-16,2011-01-24,1290.59
145.1,152.8,P,1325.0,2012-05-16,2011-01-24,1290.59
158.3,165.9,P,1350.0,2012-05-16,2011-01-24,1290.59
172.3,180.0,P,1375.0,2012-05-16,2011-01-24,1290.59
187.3,195.0,P,1400.0,2012-05-16,2011-01-24,1290.59
203.3,211.0,P,1425.0,2012-05-16,2011-01-24,1290.59
220.2,227.9,P,1450.0,2012-05-16,2011-01-24,1290.59
238.1,245.7,P,1475.0,2012-05-16,2011-01-24,1290.59
256.8,264.4,P,1500.0,2012-05-16,2011-01-24,1290.59
296.8,304.4,P,1550.0,2012-05-16,2011-01-24,1290.59
340.1,347.9,P,1600.0,2012-05-16,2011-01-24,1290.59
432.6,440.1,P,1700.0,2012-05-16,2011-01-24,1290.59
529.2,536.7,P,1800.0,2012-05-16,2011-01-24,1290.59
627.5,635.3,P,1900.0,2012-05-16,2011-01-24,1290.59
726.4,734.1,P,2000.0,2012-05-16,2011-01-24,1290.59
973.7,981.6,P,2250.0,2012-05-16,2011-01-24,1290.59
1221.6,1229.5,P,2500.0,2012-05-16,2011-01-24,1290.59
1717.7,1725.2,P,3000.0,2012-05-16,2011-01-24,1290.59
0.3,0.7,P,100.0,2012-11-22,2011-01-24,1290.59
0.75,1.8,P,200.0,2012-11-22,2011-01-24,1290.59
1.1,1.9,P,250.0,2012-11-22,2011-01-24,1290.59
0.9,2.8,P,300.0,2012-11-22,2011-01-24,1290.59
1.7,3.6,P,350.0,2012-11-22,2011-01-24,1290.59
2.2,5.3,P,400.0,2012-11-22,2011-01-24,1290.59
3.5,6.6,P,450.0,2012-11-22,2011-01-24,1290.59
5.0,9.0,P,500.0,2012-11-22,2011-01-24,1290.59
7.6,11.5,P,550.0,2012-11-22,2011-01-24,1290.59
10.0,14.5,P,600.0,2012-11-22,2011-01-24,1290.59
12.9,19.2,P,650.0,2012-11-22,2011-01-24,1290.59
14.8,21.1,P,675.0,2012-11-22,2011-01-24,1290.59
17.0,23.3,P,700.0,2012-11-22,2011-01-24,1290.59
21.1,29.0,P,750.0,2012-11-22,2011-01-24,1290.59
30.0,34.6,P,800.0,2012-11-22,2011-01-24,1290.59
30.1,37.8,P,825.0,2012-11-22,2011-01-24,1290.59
36.0,41.3,P,850.0,2012-11-22,2011-01-24,1290.59
37.3,45.0,P,875.0,2012-11-22,2011-01-24,1290.59
41.2,48.9,P,900.0,2012-11-22,2011-01-24,1290.59
45.5,53.1,P,925.0,2012-11-22,2011-01-24,1290.59
50.0,57.6,P,950.0,2012-11-22,2011-01-24,1290.59
54.8,62.4,P,975.0,2012-11-22,2011-01-24,1290.59
61.2,67.4,P,1000.0,2012-11-22,2011-01-24,1290.59
65.2,72.9,P,1025.0,2012-11-22,2011-01-24,1290.59
74.0,78.7,P,1050.0,2012-11-22,2011-01-24,1290.59
77.6,85.2,P,1075.0,2012-11-22,2011-01-24,1290.59
83.9,91.0,P,1100.0,2012-11-22,2011-01-24,1290.59
91.5,99.1,P,1125.0,2012-11-22,2011-01-24,1290.59
99.2,106.8,P,1150.0,2012-11-22,2011-01-24,1290.59
107.3,115.0,P,1175.0,2012-11-22,2011-01-24,1290.59
116.1,123.8,P,1200.0,2012-11-22,2011-01-24,1290.59
123.7,131.3,P,1220.0,2012-11-22,2011-01-24,1290.59
125.6,133.2,P,1225.0,2012-11-22,2011-01-24,1290.59
135.7,143.3,P,1250.0,2012-11-22,2011-01-24,1290.59
146.2,153.8,P,1275.0,2012-11-22,2011-01-24,1290.59
157.7,165.3,P,1300.0,2012-11-22,2011-01-24,1290.59
182.3,190.0,P,1350.0,2012-11-22,2011-01-24,1290.59
210.2,217.9,P,1400.0,2012-11-22,2011-01-24,1290.59
241.3,249.0,P,1450.0,2012-11-22,2011-01-24,1290.59
275.5,283.1,P,1500.0,2012-11-22,2011-01-24,1290.59
312.7,320.3,P,1550.0,2012-11-22,2011-01-24,1290.59
352.6,360.2,P,1600.0,2012-11-22,2011-01-24,1290.59
439.8,447.7,P,1700.0,2012-11-22,2011-01-24,1290.59
533.1,540.9,P,1800.0,2012-11-22,2011-01-24,1290.59
629.1,637.0,P,1900.0,2012-11-22,2011-01-24,1290.59
726.9,734.4,P,2000.0,2012-11-22,2011-01-24,1290.59
972.6,980.1,P,2250.0,2012-11-22,2011-01-24,1290.59
1218.4,1225.9,P,2500.0,2012-11-22,2011-01-24,1290.59
1711.0,1718.7,P,3000.0,2012-11-22,2011-01-24,1290.59
0.35,2.0,P,100.0,2013-11-21,2011-01-24,1290.59
1.2,3.1,P,200.0,2013-11-21,2011-01-24,1290.59
2.0,5.2,P,250.0,2013-11-21,2011-01-24,1290.59
2.8,5.9,P,300.0,2013-11-21,2011-01-24,1290.59
4.7,7.8,P,350.0,2013-11-21,2011-01-24,1290.59
6.7,10.6,P,400.0,2013-11-21,2011-01-24,1290.59
9.6,13.5,P,450.0,2013-11-21,2011-01-24,1290.59
12.0,17.9,P,500.0,2013-11-21,2011-01-24,1290.59
16.1,22.4,P,550.0,2013-11-21,2011-01-24,1290.59
20.2,28.1,P,600.0,2013-11-21,2011-01-24,1290.59
25.4,33.3,P,650.0,2013-11-21,2011-01-24,1290.59
31.6,39.5,P,700.0,2013-11-21,2011-01-24,1290.59
38.5,46.4,P,750.0,2013-11-21,2011-01-24,1290.59
46.2,53.9,P,800.0,2013-11-21,2011-01-24,1290.59
54.8,62.7,P,850.0,2013-11-21,2011-01-24,1290.59
64.7,72.6,P,900.0,2013-11-21,2011-01-24,1290.59
70.0,77.9,P,925.0,2013-11-21,2011-01-24,1290.59
75.5,83.2,P,950.0,2013-11-21,2011-01-24,1290.59
81.3,89.0,P,975.0,2013-11-21,2011-01-24,1290.59
87.5,95.2,P,1000.0,2013-11-21,2011-01-24,1290.59
94.1,101.8,P,1025.0,2013-11-21,2011-01-24,1290.59
101.0,108.7,P,1050.0,2013-11-21,2011-01-24,1290.59
108.2,115.9,P,1075.0,2013-11-21,2011-01-24,1290.59
115.9,123.6,P,1100.0,2013-11-21,2011-01-24,1290.59
123.9,131.6,P,1125.0,2013-11-21,2011-01-24,1290.59
132.5,140.1,P,1150.0,2013-11-21,2011-01-24,1290.59
141.3,149.0,P,1175.0,2013-11-21,2011-01-24,1290.59
150.7,158.4,P,1200.0,2013-11-21,2011-01-24,1290.59
160.6,168.3,P,1225.0,2013-11-21,2011-01-24,1290.59
171.0,178.6,P,1250.0,2013-11-21,2011-01-24,1290.59
181.6,189.5,P,1275.0,2013-11-21,2011-01-24,1290.59
193.4,200.9,P,1300.0,2013-11-21,2011-01-24,1290.59
205.1,212.7,P,1325.0,2013-11-21,2011-01-24,1290.59
217.5,225.2,P,1350.0,2013-11-21,2011-01-24,1290.59
230.5,238.1,P,1375.0,2013-11-21,2011-01-24,1290.59
244.0,251.9,P,1400.0,2013-11-21,2011-01-24,1290.59
258.0,265.9,P,1425.0,2013-11-21,2011-01-24,1290.59
273.0,280.9,P,1450.0,2013-11-21,2011-01-24,1290.59
288.1,296.0,P,1475.0,2013-11-21,2011-01-24,1290.59
304.2,312.1,P,1500.0,2013-11-21,2011-01-24,1290.59
320.6,328.5,P,1525.0,2013-11-21,2011-01-24,1290.59
337.8,345.7,P,1550.0,2013-11-21,2011-01-24,1290.59
373.4,381.3,P,1600.0,2013-11-21,2011-01-24,1290.59
411.2,419.1,P,1650.0,2013-11-21,2011-01-24,1290.59
451.1,459.0,P,1700.0,2013-11-21,2011-01-24,1290.59
536.2,544.1,P,1800.0,2013-11-21,2011-01-24,1290.59
626.3,633.9,P,1900.0,2013-11-21,2011-01-24,1290.59
718.5,726.4,P,2000.0,2013-11-21,2011-01-24,1290.59
956.1,964.0,P,2250.0,2013-11-21,2011-01-24,1290.59
1196.5,1204.2,P,2500.0,2013-11-21,2011-01-24,1290.59
1677.8,1685.6,P,3000.0,2013-11-21,2011-01-24,1290.59
