Spec,Last Sale,Net,Bid,Ask,Vol,Open Int,Type,Strike,dtExpiry,dtTrade,Mid,QuickDelta,IVBid,IVAsk,IR,IDIV,ATMVol,Fwd,T
11 Mar 1290.00 (SPX1119C1290-E),27.35,0.85,26.0,29.8,4293,13210,C,1290.0,2011-03-19,2011-01-24,27.9,0.487548673261,0.137302468739,0.156543468272,0.00331095362305,0.0185067754503,0.14915649822,1287.69182039,0.147945205479
11 Mar 1295.00 (SPX1119C1295-E),24.8,0.5,23.3,27.0,4,2193,C,1295.0,2011-03-19,2011-01-24,25.15,0.46071006284,0.135299793657,0.15408588183,0.00331095362305,0.0185067754503,0.14915649822,1287.69182039,0.147945205479
11 Mar 1300.00 (SPX1119C1300-E),22.0,1.5,20.6,23.0,3218,76557,C,1300.0,2011-03-19,2011-01-24,21.8,0.434151555917,0.13252042462,0.144813528746,0.00331095362305,0.0185067754503,0.14915649822,1287.69182039,0.147945205479
11 Mar 1305.00 (SPX1119C1305-E),18.4,-0.8,18.6,21.5,3,411,C,1305.0,2011-03-19,2011-01-24,20.05,0.407987211671,0.132551637813,0.147599328296,0.00331095362305,0.0185067754503,0.14915649822,1287.69182039,0.147945205479
11 Mar 1310.00 (SPX1119C1310-E),17.1,0.0,16.2,19.2,0,1604,C,1310.0,2011-03-19,2011-01-24,17.7,0.382324595536,0.129690659729,0.145573072018,0.00331095362305,0.0185067754503,0.14915649822,1287.69182039,0.147945205479
11 Mar 1315.00 (SPX1119C1315-E),14.75,0.5,14.0,17.0,4,2671,C,1315.0,2011-03-19,2011-01-24,15.5,0.357263568231,0.126994299034,0.143312039599,0.00331095362305,0.0185067754503,0.14915649822,1287.69182039,0.147945205479
11 Mar 1320.00 (SPX1119C1320-E),13.4,0.55,12.0,15.0,11,1714,C,1320.0,2011-03-19,2011-01-24,13.5,0.33289526065,0.124453801809,0.141340499923,0.00331095362305,0.0185067754503,0.14915649822,1287.69182039,0.147945205479
11 Mar 1325.00 (SPX1119C1325-E),11.3,0.4,10.3,12.0,856,21172,C,1325.0,2011-03-19,2011-01-24,11.15,0.309301247987,0.122674256044,0.132728265747,0.00331095362305,0.0185067754503,0.14915649822,1287.69182039,0.147945205479
11 Mar 1330.00 (SPX1119C1330-E),10.0,0.0,9.3,11.2,1,3713,C,1330.0,2011-03-19,2011-01-24,10.25,0.286552930494,0.124299403131,0.135968691851,0.00331095362305,0.0185067754503,0.14915649822,1287.69182039,0.147945205479
11 Mar 1335.00 (SPX1119C1335-E),0.0,0.0,7.8,9.7,0,0,C,1335.0,2011-03-19,2011-01-24,8.75,0.264711122497,0.12196545335,0.134326810561,0.00331095362305,0.0185067754503,0.14915649822,1287.69182039,0.147945205479
11 Mar 1340.00 (SPX1119C1340-E),7.0,-0.1,6.5,7.5,3,5866,C,1340.0,2011-03-19,2011-01-24,7.0,0.243825845802,0.119908165325,0.126967138537,0.00331095362305,0.0185067754503,0.14915649822,1287.69182039,0.147945205479
11 Mar 1345.00 (SPX1119C1345-E),6.0,0.0,5.3,7.2,0,1,C,1345.0,2011-03-19,2011-01-24,6.25,0.223936318702,0.117447484892,0.131691175467,0.00331095362305,0.0185067754503,0.14915649822,1287.69182039,0.147945205479
11 Mar 1350.00 (SPX1119C1350-E),5.2,0.25,5.3,5.6,11594,28837,C,1350.0,2011-03-19,2011-01-24,5.45,0.205071127461,0.123767548765,0.126173496524,0.00331095362305,0.0185067754503,0.14915649822,1287.69182039,0.147945205479
11 Mar 1230.00 (SPX1119O1230-E),14.2,-2.5,12.0,14.9,4,15812,P,1230.0,2011-03-19,2011-01-24,13.45,0.787843216217,0.171810489272,0.190467333523,0.00331095362305,0.0185067754503,0.14915649822,1287.69182039,0.147945205479
11 Mar 1235.00 (SPX1119O1235-E),17.3,1.1,12.8,15.8,1,23594,P,1235.0,2011-03-19,2011-01-24,14.3,0.766769229996,0.168480451748,0.187195368946,0.00331095362305,0.0185067754503,0.14915649822,1287.69182039,0.147945205479
11 Mar 1240.00 (SPX1119O1240-E),15.2,-3.8,13.8,16.8,2,38665,P,1240.0,2011-03-19,2011-01-24,15.3,0.744673885606,0.166004156483,0.184153611239,0.00331095362305,0.0185067754503,0.14915649822,1287.69182039,0.147945205479
11 Mar 1245.00 (SPX1119O1245-E),17.1,1.1,14.7,17.7,260,4355,P,1245.0,2011-03-19,2011-01-24,16.2,0.721626413358,0.162503199107,0.180107616547,0.00331095362305,0.0185067754503,0.14915649822,1287.69182039,0.147945205479
11 Mar 1250.00 (SPX1119O1250-E),18.2,-3.6,17.0,18.5,1035,176597,P,1250.0,2011-03-19,2011-01-24,17.75,0.697707536544,0.166595550332,0.175141612489,0.00331095362305,0.0185067754503,0.14915649822,1287.69182039,0.147945205479
11 Mar 1255.00 (SPX1119O1255-E),20.3,0.0,17.2,20.2,16,21757,P,1255.0,2011-03-19,2011-01-24,18.7,0.673008537876,0.158112646463,0.174781700535,0.00331095362305,0.0185067754503,0.14915649822,1287.69182039,0.147945205479
11 Mar 1260.00 (SPX1119O1260-E),20.2,-3.5,18.5,21.5,850,48337,P,1260.0,2011-03-19,2011-01-24,20.0,0.647630108414,0.155381372509,0.171698061067,0.00331095362305,0.0185067754503,0.14915649822,1287.69182039,0.147945205479
11 Mar 1265.00 (SPX1119O1265-E),23.1,-4.9,19.8,22.8,140,21196,P,1265.0,2011-03-19,2011-01-24,21.3,0.621681005735,0.152151217001,0.16809820685,0.00331095362305,0.0185067754503,0.14915649822,1287.69182039,0.147945205479
11 Mar 1270.00 (SPX1119O1270-E),24.1,-2.5,21.1,24.8,1127,30589,P,1270.0,2011-03-19,2011-01-24,22.95,0.595276553482,0.148354917699,0.16770125312,0.00331095362305,0.0185067754503,0.14915649822,1287.69182039,0.147945205479
11 Mar 1275.00 (SPX1119O1275-E),25.0,-4.0,23.0,26.4,2805,34196,P,1275.0,2011-03-19,2011-01-24,24.7,0.568537018699,0.147083997098,0.164638272063,0.00331095362305,0.0185067754503,0.14915649822,1287.69182039,0.147945205479
11 Mar 1280.00 (SPX1119O1280-E),26.95,-4.05,24.4,28.2,7735,28024,P,1280.0,2011-03-19,2011-01-24,26.3,0.541585906324,0.142621045836,0.162020007322,0.00331095362305,0.0185067754503,0.14915649822,1287.69182039,0.147945205479
11 Mar 1285.00 (SPX1119O1285-E),30.0,-4.0,26.3,30.1,10314,21128,P,1285.0,2011-03-19,2011-01-24,28.2,0.514548211828,0.140032534104,0.159312483557,0.00331095362305,0.0185067754503,0.14915649822,1287.69182039,0.147945205479
11 Apr 1290.00 (SPX1116D1290-E),36.0,7.2,34.9,38.7,101,149,C,1290.0,2011-04-16,2011-01-24,36.8,0.48573890987,0.150468040811,0.166100653319,0.00338053580994,0.017479824571,0.159924109341,1286.5085089,0.224657534247
11 Apr 1300.00 (SPX1116D1300-E),30.4,0.3,29.4,33.2,1083,9467,C,1300.0,2011-04-16,2011-01-24,31.3,0.445267370346,0.146278508234,0.162000006524,0.00338053580994,0.017479824571,0.159924109341,1286.5085089,0.224657534247
11 Apr 1310.00 (SPX1116D1310-E),25.7,0.9,24.2,27.9,200,1009,C,1310.0,2011-04-16,2011-01-24,26.05,0.405661473165,0.14140765225,0.157004798244,0.00338053580994,0.017479824571,0.159924109341,1286.5085089,0.224657534247
11 Apr 1320.00 (SPX1116D1320-E),20.55,0.0,20.1,23.1,0,35,C,1320.0,2011-04-16,2011-01-24,21.6,0.367288663337,0.139179495608,0.152246364736,0.00338053580994,0.017479824571,0.159924109341,1286.5085089,0.224657534247
11 Apr 1325.00 (SPX1116D1325-E),18.6,0.3,18.1,21.1,100,6879,C,1325.0,2011-04-16,2011-01-24,19.6,0.34866765471,0.137512181501,0.150869089304,0.00338053580994,0.017479824571,0.159924109341,1286.5085089,0.224657534247
11 Apr 1330.00 (SPX1116D1330-E),16.0,0.0,16.1,19.1,0,39,C,1330.0,2011-04-16,2011-01-24,17.6,0.330472375036,0.135282520862,0.149003586869,0.00338053580994,0.017479824571,0.159924109341,1286.5085089,0.224657534247
11 Apr 1340.00 (SPX1116D1340-E),0.0,0.0,12.7,15.7,0,0,C,1340.0,2011-04-16,2011-01-24,14.2,0.295485482327,0.131867444713,0.146514613374,0.00338053580994,0.017479824571,0.159924109341,1286.5085089,0.224657534247
11 Apr 1350.00 (SPX1116D1350-E),10.1,-0.95,10.0,11.4,443,5330,C,1350.0,2011-04-16,2011-01-24,10.7,0.262546255875,0.129629658617,0.137150643358,0.00338053580994,0.017479824571,0.159924109341,1286.5085089,0.224657534247
11 Apr 1360.00 (SPX1116D1360-E),8.7,0.0,7.8,9.7,0,682,C,1360.0,2011-04-16,2011-01-24,8.75,0.231816776153,0.127861573853,0.139052170371,0.00338053580994,0.017479824571,0.159924109341,1286.5085089,0.224657534247
11 Apr 1370.00 (SPX1116D1370-E),0.0,0.0,5.6,7.4,0,0,C,1370.0,2011-04-16,2011-01-24,6.5,0.203403619607,0.123466311197,0.135604364301,0.00338053580994,0.017479824571,0.159924109341,1286.5085089,0.224657534247
11 Apr 1210.00 (SPX1116P1210-E),20.4,0.0,16.0,19.0,0,600,P,1210.0,2011-04-16,2011-01-24,17.5,0.790699431595,0.186992386672,0.202879418451,0.00338053580994,0.017479824571,0.159924109341,1286.5085089,0.224657534247
11 Apr 1220.00 (SPX1116P1220-E),22.6,-1.1,17.8,20.8,2,3022,P,1220.0,2011-04-16,2011-01-24,19.3,0.758120660129,0.182226029571,0.197319000045,0.00338053580994,0.017479824571,0.159924109341,1286.5085089,0.224657534247
11 Apr 1225.00 (SPX1116P1225-E),21.8,-0.45,18.9,21.8,730,8318,P,1225.0,2011-04-16,2011-01-24,20.35,0.74096169657,0.180426295464,0.194700463471,0.00338053580994,0.017479824571,0.159924109341,1286.5085089,0.224657534247
11 Apr 1230.00 (SPX1116P1230-E),24.0,0.0,19.8,22.8,0,320,P,1230.0,2011-04-16,2011-01-24,21.3,0.723267508658,0.177389222449,0.191797750508,0.00338053580994,0.017479824571,0.159924109341,1286.5085089,0.224657534247
11 Apr 1240.00 (SPX1116P1240-E),27.0,0.0,22.0,25.7,0,416,P,1240.0,2011-04-16,2011-01-24,23.85,0.68642915977,0.172370134328,0.189392894696,0.00338053580994,0.017479824571,0.159924109341,1286.5085089,0.224657534247
11 Apr 1250.00 (SPX1116P1250-E),28.0,0.8,24.7,28.4,2851,10645,P,1250.0,2011-04-16,2011-01-24,26.55,0.647949282239,0.168408449521,0.184803420242,0.00338053580994,0.017479824571,0.159924109341,1286.5085089,0.224657534247
11 Apr 1260.00 (SPX1116P1260-E),30.2,-2.55,27.4,31.2,101,2050,P,1260.0,2011-04-16,2011-01-24,29.3,0.608215155194,0.163112063798,0.1794623614,0.00338053580994,0.017479824571,0.159924109341,1286.5085089,0.224657534247
11 Apr 1270.00 (SPX1116P1270-E),35.0,0.0,30.7,34.4,0,160,P,1270.0,2011-04-16,2011-01-24,32.55,0.567644903743,0.158970469194,0.174522949845,0.00338053580994,0.017479824571,0.159924109341,1286.5085089,0.224657534247
11 Apr 1275.00 (SPX1116P1275-E),35.25,-2.75,32.5,36.4,833,8169,P,1275.0,2011-04-16,2011-01-24,34.45,0.547181916701,0.156952270054,0.173177472035,0.00338053580994,0.017479824571,0.159924109341,1286.5085089,0.224657534247
11 Apr 1280.00 (SPX1116P1280-E),40.0,-0.8,34.4,38.2,118,1009,P,1280.0,2011-04-16,2011-01-24,36.3,0.526673585025,0.154948264452,0.170666428871,0.00338053580994,0.017479824571,0.159924109341,1286.5085089,0.224657534247
11 May 1300.00 (SPX1121E1300-E),0.0,0.0,38.5,42.2,0,0,C,1300.0,2011-05-21,2011-01-24,40.35,0.449719385852,0.157645144577,0.170462770101,0.00393341959485,0.0192859999222,0.170321847005,1284.25430188,0.320547945205
11 May 1325.00 (SPX1121E1325-E),28.05,0.0,26.3,29.9,2,0,C,1325.0,2011-05-21,2011-01-24,28.1,0.373006066967,0.148417254934,0.161465550142,0.00393341959485,0.0192859999222,0.170321847005,1284.25430188,0.320547945205
11 May 1350.00 (SPX1121E1350-E),18.65,0.65,17.1,20.1,4,0,C,1350.0,2011-05-21,2011-01-24,18.6,0.302319318202,0.141492496113,0.153581441493,0.00393341959485,0.0192859999222,0.170321847005,1284.25430188,0.320547945205
11 May 1375.00 (SPX1121E1375-E),11.5,0.5,10.2,13.1,251,0,C,1375.0,2011-05-21,2011-01-24,11.65,0.239465178657,0.134455171354,0.148391224546,0.00393341959485,0.0192859999222,0.170321847005,1284.25430188,0.320547945205
11 May 1200.00 (SPX1121Q1200-E),0.0,0.0,22.6,26.2,0,0,P,1200.0,2011-05-21,2011-01-24,24.4,0.75918424547,0.195325459522,0.210637188837,0.00393341959485,0.0192859999222,0.170321847005,1284.25430188,0.320547945205
11 May 1225.00 (SPX1121Q1225-E),30.0,0.0,28.1,31.8,875,0,P,1225.0,2011-05-21,2011-01-24,29.95,0.687882363597,0.185490875732,0.199868422432,0.00393341959485,0.0192859999222,0.170321847005,1284.25430188,0.320547945205
11 May 1250.00 (SPX1121Q1250-E),36.8,-0.45,34.9,38.7,110,0,P,1250.0,2011-05-21,2011-01-24,36.8,0.610396482959,0.175561116435,0.189336090849,0.00393341959485,0.0192859999222,0.170321847005,1284.25430188,0.320547945205
11 May 1275.00 (SPX1121Q1275-E),46.0,-2.0,43.5,47.2,3075,0,P,1275.0,2011-05-21,2011-01-24,45.35,0.529891544069,0.166272315752,0.179150929513,0.00393341959485,0.0192859999222,0.170321847005,1284.25430188,0.320547945205
11 Jun 1300.00 (SPX1118F1300-E),46.8,1.35,44.8,46.9,505,63714,C,1300.0,2011-06-18,2011-01-24,45.85,0.451515233821,0.163726481484,0.170266771706,0.00378796030006,0.0195126918467,0.175954566423,1282.55305675,0.397260273973
11 Jun 1325.00 (SPX1118F1325-E),33.35,0.6,32.6,36.3,2,11828,C,1325.0,2011-06-18,2011-01-24,34.45,0.384535025827,0.15592384521,0.16783544053,0.00378796030006,0.0195126918467,0.175954566423,1282.55305675,0.397260273973
11 Jun 1350.00 (SPX1118F1350-E),24.0,0.3,22.6,26.4,1223,55449,C,1350.0,2011-06-18,2011-01-24,24.5,0.3219910302,0.1486605902,0.161872389533,0.00378796030006,0.0195126918467,0.175954566423,1282.55305675,0.397260273973
11 Jun 1365.00 (SPX1118F1365-E),19.5,2.0,17.9,20.9,400,5321,C,1365.0,2011-06-18,2011-01-24,19.4,0.287134748541,0.145448464891,0.156650995317,0.00378796030006,0.0195126918467,0.175954566423,1282.55305675,0.397260273973
11 Jun 1375.00 (SPX1118F1375-E),16.0,0.0,14.9,17.9,0,24047,C,1375.0,2011-06-18,2011-01-24,16.4,0.265135450449,0.142295236032,0.154187555324,0.00378796030006,0.0195126918467,0.175954566423,1282.55305675,0.397260273973
11 Jun 1400.00 (SPX1118F1400-E),10.4,-0.6,9.5,11.0,204,30661,C,1400.0,2011-06-18,2011-01-24,10.25,0.214744807933,0.137727546203,0.144967917537,0.00378796030006,0.0195126918467,0.175954566423,1282.55305675,0.397260273973
11 Jun 1175.00 (SPX1118R1175-E),28.7,0.0,23.8,27.6,0,20303,P,1175.0,2011-06-18,2011-01-24,25.7,0.785162898156,0.206387196874,0.221638934315,0.00378796030006,0.0195126918467,0.175954566423,1282.55305675,0.397260273973
11 Jun 1190.00 (SPX1118R1190-E),32.0,0.0,26.8,30.6,0,2258,P,1190.0,2011-06-18,2011-01-24,28.7,0.750278765311,0.201337794454,0.215798175342,0.00378796030006,0.0195126918467,0.175954566423,1282.55305675,0.397260273973
11 Jun 1200.00 (SPX1118R1200-E),30.5,-4.5,28.8,32.1,1079,48463,P,1200.0,2011-06-18,2011-01-24,30.45,0.725717148121,0.197261050157,0.209427575265,0.00378796030006,0.0195126918467,0.175954566423,1282.55305675,0.397260273973
11 Jun 1225.00 (SPX1118R1225-E),38.0,-2.7,35.3,39.0,505,15458,P,1225.0,2011-06-18,2011-01-24,37.15,0.660558089442,0.189751191472,0.202359620601,0.00378796030006,0.0195126918467,0.175954566423,1282.55305675,0.397260273973
11 Jun 1250.00 (SPX1118R1250-E),45.0,-3.1,42.5,46.3,900,40192,P,1250.0,2011-06-18,2011-01-24,44.4,0.591660700261,0.180305459126,0.192574743447,0.00378796030006,0.0195126918467,0.175954566423,1282.55305675,0.397260273973
11 Jun 1275.00 (SPX1118R1275-E),55.8,0.6,51.7,55.4,816,11639,P,1275.0,2011-06-18,2011-01-24,53.55,0.521237140245,0.172609529269,0.18417132729,0.00378796030006,0.0195126918467,0.175954566423,1282.55305675,0.397260273973
11 Sep 1300.00 (SPX1117I1300-E),64.0,0.1,63.5,67.2,1050,59767,C,1300.0,2011-09-17,2011-01-24,65.35,0.454874300256,0.17990654812,0.188966572227,0.00411669458209,0.0197122320543,0.190330593806,1277.64148467,0.646575342466
11 Sep 1325.00 (SPX1117I1325-E),50.8,-3.3,50.7,54.4,250,7632,C,1325.0,2011-09-17,2011-01-24,52.55,0.406011389397,0.17275687723,0.18196312293,0.00411669458209,0.0197122320543,0.190330593806,1277.64148467,0.646575342466
11 Sep 1350.00 (SPX1117I1350-E),41.25,0.45,39.7,43.5,1,4185,C,1350.0,2011-09-17,2011-01-24,41.6,0.359441333914,0.166555347085,0.176374509035,0.00411669458209,0.0197122320543,0.190330593806,1277.64148467,0.646575342466
11 Sep 1375.00 (SPX1117I1375-E),33.1,0.0,30.3,34.1,0,3325,C,1375.0,2011-09-17,2011-01-24,32.2,0.315668272682,0.160725029557,0.171176046979,0.00411669458209,0.0197122320543,0.190330593806,1277.64148467,0.646575342466
11 Sep 1400.00 (SPX1117I1400-E),24.3,1.3,22.4,26.1,502,39665,C,1400.0,2011-09-17,2011-01-24,24.25,0.275060057305,0.155004926372,0.166143530131,0.00411669458209,0.0197122320543,0.190330593806,1277.64148467,0.646575342466
11 Sep 1425.00 (SPX1117I1425-E),17.0,0.0,16.2,19.2,0,802,C,1425.0,2011-09-17,2011-01-24,17.7,0.237851752954,0.150228285974,0.160432455721,0.00411669458209,0.0197122320543,0.190330593806,1277.64148467,0.646575342466
11 Sep 1450.00 (SPX1117I1450-E),11.7,0.0,11.0,14.1,0,6181,C,1450.0,2011-09-17,2011-01-24,12.55,0.204155869123,0.144308977447,0.156639728579,0.00411669458209,0.0197122320543,0.190330593806,1277.64148467,0.646575342466
11 Sep 1125.00 (SPX1117U1125-E),33.1,0.0,31.6,35.3,0,8476,P,1125.0,2011-09-17,2011-01-24,33.45,0.797110329038,0.228110717016,0.240289551431,0.00411669458209,0.0197122320543,0.190330593806,1277.64148467,0.646575342466
11 Sep 1150.00 (SPX1117U1150-E),41.3,0.0,36.7,40.5,0,12886,P,1150.0,2011-09-17,2011-01-24,38.6,0.754189501392,0.221267552134,0.23288611847,0.00411669458209,0.0197122320543,0.190330593806,1277.64148467,0.646575342466
11 Sep 1175.00 (SPX1117U1175-E),45.6,-1.4,42.6,46.2,5630,4988,P,1175.0,2011-09-17,2011-01-24,44.4,0.707882932529,0.214620684386,0.224938869141,0.00411669458209,0.0197122320543,0.190330593806,1277.64148467,0.646575342466
11 Sep 1200.00 (SPX1117U1200-E),54.0,0.2,49.1,52.8,1,13418,P,1200.0,2011-09-17,2011-01-24,50.95,0.658967415554,0.207388229706,0.217404712292,0.00411669458209,0.0197122320543,0.190330593806,1277.64148467,0.646575342466
11 Sep 1225.00 (SPX1117U1225-E),62.2,0.0,56.3,60.1,0,5377,P,1225.0,2011-09-17,2011-01-24,58.2,0.608310916289,0.199617264792,0.209468088879,0.00411669458209,0.0197122320543,0.190330593806,1277.64148467,0.646575342466
11 Sep 1250.00 (SPX1117U1250-E),68.9,0.9,64.9,68.7,1,37941,P,1250.0,2011-09-17,2011-01-24,66.8,0.556820982134,0.192880758455,0.202390782894,0.00411669458209,0.0197122320543,0.190330593806,1277.64148467,0.646575342466
11 Sep 1275.00 (SPX1117U1275-E),78.5,0.0,74.6,78.4,0,5322,P,1275.0,2011-09-17,2011-01-24,76.5,0.505394697287,0.186073690382,0.195399762404,0.00411669458209,0.0197122320543,0.190330593806,1277.64148467,0.646575342466
11 Dec 1275.00 (SPX1117L1275-E),91.7,0.7,89.1,96.8,520,11390,C,1275.0,2011-12-17,2011-01-24,92.95,0.496014544097,0.188739706049,0.204886285878,0.00468814004995,0.0203434906722,0.197990680852,1272.61520491,0.895890410959
11 Dec 1300.00 (SPX1117L1300-E),79.8,2.2,75.4,83.1,851,115251,C,1300.0,2011-12-17,2011-01-24,79.25,0.454774277256,0.18293059268,0.199027763801,0.00468814004995,0.0203434906722,0.197990680852,1272.61520491,0.895890410959
11 Dec 1325.00 (SPX1117L1325-E),66.2,0.0,62.8,70.4,0,11277,C,1325.0,2011-12-17,2011-01-24,66.6,0.414785440245,0.177117841285,0.19316283042,0.00468814004995,0.0203434906722,0.197990680852,1272.61520491,0.895890410959
11 Dec 1350.00 (SPX1117L1350-E),55.1,1.3,51.4,59.1,700,21892,C,1350.0,2011-12-17,2011-01-24,55.25,0.376382369581,0.171389512269,0.188044269334,0.00468814004995,0.0203434906722,0.197990680852,1272.61520491,0.895890410959
11 Dec 1375.00 (SPX1117L1375-E),43.1,-1.5,41.2,48.8,400,10081,C,1375.0,2011-12-17,2011-01-24,45.0,0.33983640802,0.165645787728,0.182765922814,0.00468814004995,0.0203434906722,0.197990680852,1272.61520491,0.895890410959
11 Dec 1400.00 (SPX1117L1400-E),36.2,0.0,32.4,40.1,114,71341,C,1400.0,2011-12-17,2011-01-24,36.25,0.305355420052,0.16029209573,0.178668481994,0.00468814004995,0.0203434906722,0.197990680852,1272.61520491,0.895890410959
11 Dec 1425.00 (SPX1117L1425-E),28.05,0.05,24.5,32.4,10,13219,C,1425.0,2011-12-17,2011-01-24,28.45,0.273085865926,0.154071012403,0.174475572492,0.00468814004995,0.0203434906722,0.197990680852,1272.61520491,0.895890410959
11 Dec 1450.00 (SPX1117L1450-E),21.0,-1.0,18.9,25.2,1250,22432,C,1450.0,2011-12-17,2011-01-24,22.05,0.243116888939,0.150914098517,0.168868097684,0.00468814004995,0.0203434906722,0.197990680852,1272.61520491,0.895890410959
11 Dec 1475.00 (SPX1117L1475-E),17.0,0.0,13.6,19.9,0,5519,C,1475.0,2011-12-17,2011-01-24,16.75,0.215485864485,0.145459491379,0.165746809448,0.00468814004995,0.0203434906722,0.197990680852,1272.61520491,0.895890410959
11 Dec 1090.00 (SPX1117X1090-E),0.0,0.0,37.1,44.8,0,0,P,1090.0,2011-12-17,2011-01-24,40.95,0.795753770781,0.234213394911,0.256094410947,0.00468814004995,0.0203434906722,0.197990680852,1272.61520491,0.895890410959
11 Dec 1095.00 (SPX1117X1095-E),0.0,0.0,38.1,45.8,0,0,P,1095.0,2011-12-17,2011-01-24,41.95,0.788760458293,0.233067193321,0.254655851496,0.00468814004995,0.0203434906722,0.197990680852,1272.61520491,0.895890410959
11 Dec 1100.00 (SPX1117X1100-E),45.0,-0.3,39.1,46.8,6000,88748,P,1100.0,2011-12-17,2011-01-24,42.95,0.781661609379,0.231840194892,0.253164397706,0.00468814004995,0.0203434906722,0.197990680852,1272.61520491,0.895890410959
11 Dec 1125.00 (SPX1117X1125-E),49.0,-0.5,44.5,52.2,1,22724,P,1125.0,2011-12-17,2011-01-24,48.35,0.744698400035,0.225921824666,0.245982710811,0.00468814004995,0.0203434906722,0.197990680852,1272.61520491,0.895890410959
11 Dec 1140.00 (SPX1117X1140-E),79.8,0.0,48.2,55.8,0,80,P,1140.0,2011-12-17,2011-01-24,52.0,0.721472106435,0.222771005307,0.241912637333,0.00468814004995,0.0203434906722,0.197990680852,1272.61520491,0.895890410959
11 Dec 1150.00 (SPX1117X1150-E),58.0,0.0,50.6,58.1,1500,44342,P,1150.0,2011-12-17,2011-01-24,54.35,0.705613876203,0.220170643461,0.238673484738,0.00468814004995,0.0203434906722,0.197990680852,1272.61520491,0.895890410959
11 Dec 1175.00 (SPX1117X1175-E),62.0,-1.6,57.1,64.8,10,25868,P,1175.0,2011-12-17,2011-01-24,60.95,0.66489353051,0.213743586683,0.231836434634,0.00468814004995,0.0203434906722,0.197990680852,1272.61520491,0.895890410959
11 Dec 1180.00 (SPX1117X1180-E),74.5,0.0,58.5,66.2,0,26,P,1180.0,2011-12-17,2011-01-24,62.35,0.656598326872,0.212489452952,0.230417715792,0.00468814004995,0.0203434906722,0.197990680852,1272.61520491,0.895890410959
11 Dec 1200.00 (SPX1117X1200-E),72.3,0.0,64.5,72.2,0,54771,P,1200.0,2011-12-17,2011-01-24,68.35,0.623054028672,0.20769929604,0.225056743699,0.00468814004995,0.0203434906722,0.197990680852,1272.61520491,0.895890410959
11 Dec 1225.00 (SPX1117X1225-E),79.6,0.7,72.7,80.4,600,5463,P,1225.0,2011-12-17,2011-01-24,76.55,0.580621677389,0.201622489647,0.218406538912,0.00468814004995,0.0203434906722,0.197990680852,1272.61520491,0.895890410959
11 Dec 1250.00 (SPX1117X1250-E),85.0,-3.2,81.9,89.5,1750,24256,P,1250.0,2011-12-17,2011-01-24,85.7,0.538112443717,0.195798495613,0.211965555034,0.00468814004995,0.0203434906722,0.197990680852,1272.61520491,0.895890410959
12 Jun 1275.00 (SPX1216F1275-E),110.7,0.0,110.7,118.2,0,1410,C,1275.0,2012-06-16,2011-01-24,114.45,0.485949166614,0.196015616435,0.208760029306,0.00603898242904,0.0208779744964,0.205287520409,1264.15788736,1.39452054795
12 Jun 1300.00 (SPX1216F1300-E),95.0,0.0,97.2,104.8,0,10542,C,1300.0,2012-06-16,2011-01-24,101.0,0.454092851502,0.190905315043,0.203774590993,0.00603898242904,0.0208779744964,0.205287520409,1264.15788736,1.39452054795
12 Jun 1325.00 (SPX1216F1325-E),45.0,0.0,84.7,92.3,0,45,C,1325.0,2012-06-16,2011-01-24,88.5,0.423126587174,0.186090921301,0.199016142146,0.00603898242904,0.0208779744964,0.205287520409,1264.15788736,1.39452054795
12 Jun 1350.00 (SPX1216F1350-E),61.5,0.0,73.1,80.8,0,2010,C,1350.0,2012-06-16,2011-01-24,76.95,0.393193007964,0.181348306795,0.194612402283,0.00603898242904,0.0208779744964,0.205287520409,1264.15788736,1.39452054795
12 Jun 1375.00 (SPX1216F1375-E),67.0,0.0,62.3,69.9,0,250,C,1375.0,2012-06-16,2011-01-24,66.1,0.364409519579,0.176454557601,0.189841194893,0.00603898242904,0.0208779744964,0.205287520409,1264.15788736,1.39452054795
12 Jun 1400.00 (SPX1216F1400-E),55.5,0.0,52.7,60.4,0,2133,C,1400.0,2012-06-16,2011-01-24,56.55,0.33686899255,0.172085681875,0.186086097791,0.00603898242904,0.0208779744964,0.205287520409,1264.15788736,1.39452054795
12 Jun 1425.00 (SPX1216F1425-E),36.25,0.0,43.9,51.6,0,70,C,1425.0,2012-06-16,2011-01-24,47.75,0.310640962559,0.167513108863,0.182125777452,0.00603898242904,0.0208779744964,0.205287520409,1264.15788736,1.39452054795
12 Jun 1450.00 (SPX1216F1450-E),40.15,0.0,35.8,43.7,0,1152,C,1450.0,2012-06-16,2011-01-24,39.75,0.285773217358,0.162489316013,0.17833226127,0.00603898242904,0.0208779744964,0.205287520409,1264.15788736,1.39452054795
12 Jun 1475.00 (SPX1216F1475-E),31.8,9.6,28.9,36.8,15,1015,C,1475.0,2012-06-16,2011-01-24,32.85,0.262293658591,0.158021860299,0.174961499374,0.00603898242904,0.0208779744964,0.205287520409,1264.15788736,1.39452054795
12 Jun 1500.00 (SPX1216F1500-E),27.5,0.0,22.8,30.7,0,8382,C,1500.0,2012-06-16,2011-01-24,26.75,0.240212338309,0.15332421484,0.17169612507,0.00603898242904,0.0208779744964,0.205287520409,1264.15788736,1.39452054795
12 Jun 1550.00 (SPX1216F1550-E),18.0,0.0,14.1,20.4,0,17,C,1550.0,2012-06-16,2011-01-24,17.25,0.200208133228,0.146660978884,0.164581632545,0.00603898242904,0.0208779744964,0.205287520409,1264.15788736,1.39452054795
12 Jun 1050.00 (SPX1216R1050-E),70.0,0.0,51.6,59.2,0,8657,P,1050.0,2012-06-16,2011-01-24,55.4,0.778063056439,0.244577968753,0.261898669604,0.00603898242904,0.0208779744964,0.205287520409,1264.15788736,1.39452054795
12 Jun 1075.00 (SPX1216R1075-E),63.7,-7.8,57.0,64.6,15,1338,P,1075.0,2012-06-16,2011-01-24,60.8,0.748126080476,0.238859427326,0.255315819411,0.00603898242904,0.0208779744964,0.205287520409,1264.15788736,1.39452054795
12 Jun 1100.00 (SPX1216R1100-E),68.5,0.0,62.9,70.6,0,10036,P,1100.0,2012-06-16,2011-01-24,66.75,0.716939103365,0.233233269215,0.249143716958,0.00603898242904,0.0208779744964,0.205287520409,1264.15788736,1.39452054795
12 Jun 1125.00 (SPX1216R1125-E),82.0,0.0,69.5,77.1,0,680,P,1125.0,2012-06-16,2011-01-24,73.3,0.684767229288,0.22801792081,0.243061349542,0.00603898242904,0.0208779744964,0.205287520409,1264.15788736,1.39452054795
12 Jun 1150.00 (SPX1216R1150-E),83.0,-6.6,76.6,84.2,300,2476,P,1150.0,2012-06-16,2011-01-24,80.4,0.65188274526,0.222719740741,0.237194433481,0.00603898242904,0.0208779744964,0.205287520409,1264.15788736,1.39452054795
12 Jun 1175.00 (SPX1216R1175-E),97.7,0.0,84.2,91.8,0,3353,P,1175.0,2012-06-16,2011-01-24,88.0,0.618557779686,0.217278932907,0.231268696989,0.00603898242904,0.0208779744964,0.205287520409,1264.15788736,1.39452054795
12 Jun 1200.00 (SPX1216R1200-E),106.6,0.0,92.5,100.2,0,2675,P,1200.0,2012-06-16,2011-01-24,96.35,0.585057734031,0.2119877238,0.225764645571,0.00603898242904,0.0208779744964,0.205287520409,1264.15788736,1.39452054795
12 Jun 1225.00 (SPX1216R1225-E),126.0,0.0,101.6,109.2,0,2117,P,1225.0,2012-06-16,2011-01-24,105.4,0.551635650664,0.206945306119,0.220228585544,0.00603898242904,0.0208779744964,0.205287520409,1264.15788736,1.39452054795
12 Jun 1250.00 (SPX1216R1250-E),115.5,0.0,111.4,118.9,0,1505,P,1250.0,2012-06-16,2011-01-24,115.15,0.518527607503,0.201903910827,0.214780153463,0.00603898242904,0.0208779744964,0.205287520409,1264.15788736,1.39452054795
12 Dec 1275.00 (SPX1222L1275-E),129.0,0.0,130.3,137.9,0,1900,C,1275.0,2012-12-22,2011-01-24,134.1,0.482829178606,0.201064589338,0.212229119126,0.0080208507183,0.0209173888037,0.210102084638,1259.15021058,1.91232876712
12 Dec 1300.00 (SPX1222L1300-E),122.0,0.0,117.0,124.6,0,26659,C,1300.0,2012-12-22,2011-01-24,120.8,0.456249198139,0.196496605789,0.207610081351,0.0080208507183,0.0209173888037,0.210102084638,1259.15021058,1.91232876712
12 Dec 1350.00 (SPX1222L1350-E),96.2,0.0,92.7,100.4,0,12501,C,1350.0,2012-12-22,2011-01-24,96.55,0.405249154516,0.187775021713,0.19912202066,0.0080208507183,0.0209173888037,0.210102084638,1259.15021058,1.91232876712
12 Dec 1400.00 (SPX1222L1400-E),75.3,0.0,73.4,79.4,0,38909,C,1400.0,2012-12-22,2011-01-24,76.4,0.357572807316,0.18236475753,0.191489187579,0.0080208507183,0.0209173888037,0.210102084638,1259.15021058,1.91232876712
12 Dec 1450.00 (SPX1222L1450-E),55.6,0.0,53.4,61.1,0,11362,C,1450.0,2012-12-22,2011-01-24,57.25,0.313578512176,0.171408655305,0.183875642302,0.0080208507183,0.0209173888037,0.210102084638,1259.15021058,1.91232876712
12 Dec 1500.00 (SPX1222L1500-E),40.0,0.0,38.3,46.0,0,43560,C,1500.0,2012-12-22,2011-01-24,42.15,0.273448853849,0.163413046675,0.17710758593,0.0080208507183,0.0209173888037,0.210102084638,1259.15021058,1.91232876712
12 Dec 1550.00 (SPX1222L1550-E),29.8,0.0,26.1,34.0,0,6197,C,1550.0,2012-12-22,2011-01-24,30.05,0.237220477255,0.155353667073,0.171358845413,0.0080208507183,0.0209173888037,0.210102084638,1259.15021058,1.91232876712
12 Dec 1600.00 (SPX1222L1600-E),19.3,-0.7,17.5,23.8,1000,79326,C,1600.0,2012-12-22,2011-01-24,20.65,0.204814862844,0.149325304603,0.1644572904,0.0080208507183,0.0209173888037,0.210102084638,1259.15021058,1.91232876712
12 Dec 1000.00 (SPX1222X1000-E),64.8,0.0,61.2,67.4,0,26099,P,1000.0,2012-12-22,2011-01-24,64.3,0.786146990427,0.258121508713,0.270738419564,0.0080208507183,0.0209173888037,0.210102084638,1259.15021058,1.91232876712
12 Dec 1025.00 (SPX1222X1025-E),104.0,0.0,65.2,72.9,0,2704,P,1025.0,2012-12-22,2011-01-24,69.05,0.760569497933,0.24993635177,0.26492027979,0.0080208507183,0.0209173888037,0.210102084638,1259.15021058,1.91232876712
12 Dec 1050.00 (SPX1222X1050-E),85.85,0.0,74.0,78.7,0,18082,P,1050.0,2012-12-22,2011-01-24,76.35,0.734078854103,0.250309525927,0.259038116895,0.0080208507183,0.0209173888037,0.210102084638,1259.15021058,1.91232876712
12 Dec 1075.00 (SPX1222X1075-E),90.8,0.0,77.6,85.2,0,5952,P,1075.0,2012-12-22,2011-01-24,81.4,0.706850974597,0.240218575199,0.253793752484,0.0080208507183,0.0209173888037,0.210102084638,1259.15021058,1.91232876712
12 Dec 1100.00 (SPX1222X1100-E),93.0,0.0,83.9,91.0,0,49899,P,1100.0,2012-12-22,2011-01-24,87.45,0.67906385053,0.23444727707,0.246677067276,0.0080208507183,0.0209173888037,0.210102084638,1259.15021058,1.91232876712
12 Dec 1125.00 (SPX1222X1125-E),110.4,0.0,91.5,99.1,0,7853,P,1125.0,2012-12-22,2011-01-24,95.3,0.650893942024,0.230176565506,0.242806761046,0.0080208507183,0.0209173888037,0.210102084638,1259.15021058,1.91232876712
12 Dec 1150.00 (SPX1222X1150-E),104.0,0.0,99.2,106.8,0,31633,P,1150.0,2012-12-22,2011-01-24,103.0,0.62251301436,0.225257981233,0.237516397871,0.0080208507183,0.0209173888037,0.210102084638,1259.15021058,1.91232876712
12 Dec 1175.00 (SPX1222X1175-E),167.7,0.0,107.3,115.0,0,8506,P,1175.0,2012-12-22,2011-01-24,111.15,0.594085454705,0.220194073209,0.232286992931,0.0080208507183,0.0209173888037,0.210102084638,1259.15021058,1.91232876712
12 Dec 1200.00 (SPX1222X1200-E),120.2,0.0,116.1,123.8,0,63234,P,1200.0,2012-12-22,2011-01-24,119.95,0.565766082327,0.215412997795,0.227232181624,0.0080208507183,0.0209173888037,0.210102084638,1259.15021058,1.91232876712
12 Dec 1220.00 (SPX1222X1220-E),187.2,0.0,123.7,131.3,0,1277,P,1220.0,2012-12-22,2011-01-24,127.5,0.543285355801,0.21184875509,0.22331975737,0.0080208507183,0.0209173888037,0.210102084638,1259.15021058,1.91232876712
12 Dec 1225.00 (SPX1222X1225-E),153.0,0.0,125.6,133.2,0,2756,P,1225.0,2012-12-22,2011-01-24,129.4,0.537698444614,0.210863609842,0.222306748658,0.0080208507183,0.0209173888037,0.210102084638,1259.15021058,1.91232876712
12 Dec 1250.00 (SPX1222X1250-E),143.0,0.0,135.7,143.3,0,7960,P,1250.0,2012-12-22,2011-01-24,139.5,0.51001357519,0.206330060621,0.21760412,0.0080208507183,0.0209173888037,0.210102084638,1259.15021058,1.91232876712
13 Dec 1275.00 (SPX1321L1275-E),166.0,0.0,162.5,170.4,0,125,C,1275.0,2013-12-21,2011-01-24,166.45,0.483065578047,0.208257331871,0.217946851137,0.0126870691903,0.0222483447249,0.216298645367,1255.18138954,2.9095890411
13 Dec 1300.00 (SPX1321L1300-E),0.0,0.0,149.7,157.6,0,0,C,1300.0,2013-12-21,2011-01-24,153.65,0.462121086198,0.204452587599,0.214080342704,0.0126870691903,0.0222483447249,0.216298645367,1255.18138954,2.9095890411
13 Dec 1325.00 (SPX1321L1325-E),0.0,0.0,137.5,145.4,0,0,C,1325.0,2013-12-21,2011-01-24,141.45,0.441676776156,0.20078904757,0.210388046082,0.0126870691903,0.0222483447249,0.216298645367,1255.18138954,2.9095890411
13 Dec 1350.00 (SPX1321L1350-E),0.0,0.0,125.9,133.6,0,0,C,1350.0,2013-12-21,2011-01-24,129.75,0.421764250044,0.197250866666,0.206612034913,0.0126870691903,0.0222483447249,0.216298645367,1255.18138954,2.9095890411
13 Dec 1375.00 (SPX1321L1375-E),118.0,0.0,114.9,122.6,0,140,C,1375.0,2013-12-21,2011-01-24,118.75,0.402409494107,0.193825534097,0.203226400128,0.0126870691903,0.0222483447249,0.216298645367,1255.18138954,2.9095890411
13 Dec 1400.00 (SPX1321L1400-E),106.0,0.0,104.4,112.1,0,200,C,1400.0,2013-12-21,2011-01-24,108.25,0.383633245268,0.190380471928,0.199857668841,0.0126870691903,0.0222483447249,0.216298645367,1255.18138954,2.9095890411
13 Dec 1425.00 (SPX1321L1425-E),0.0,0.0,94.5,102.2,0,0,C,1425.0,2013-12-21,2011-01-24,98.35,0.365451373081,0.187029783163,0.196622150006,0.0126870691903,0.0222483447249,0.216298645367,1255.18138954,2.9095890411
13 Dec 1450.00 (SPX1321L1450-E),80.0,0.0,85.3,93.0,0,300,C,1450.0,2013-12-21,2011-01-24,89.15,0.347875268744,0.183896492804,0.193644518819,0.0126870691903,0.0222483447249,0.216298645367,1255.18138954,2.9095890411
13 Dec 1475.00 (SPX1321L1475-E),0.0,0.0,76.5,84.2,0,0,C,1475.0,2013-12-21,2011-01-24,80.35,0.330912234225,0.180598511768,0.190549457914,0.0126870691903,0.0222483447249,0.216298645367,1255.18138954,2.9095890411
13 Dec 1500.00 (SPX1321L1500-E),72.0,0.0,68.2,75.8,0,850,C,1500.0,2013-12-21,2011-01-24,72.0,0.314565865777,0.177253801912,0.187328388171,0.0126870691903,0.0222483447249,0.216298645367,1255.18138954,2.9095890411
13 Dec 1525.00 (SPX1321L1525-E),0.0,0.0,60.7,68.3,0,0,C,1525.0,2013-12-21,2011-01-24,64.5,0.298836427239,0.174269974157,0.184646317009,0.0126870691903,0.0222483447249,0.216298645367,1255.18138954,2.9095890411
13 Dec 1550.00 (SPX1321L1550-E),0.0,0.0,53.8,61.5,0,0,C,1550.0,2013-12-21,2011-01-24,57.65,0.283721209519,0.171401730755,0.182276724398,0.0126870691903,0.0222483447249,0.216298645367,1255.18138954,2.9095890411
13 Dec 1600.00 (SPX1321L1600-E),44.6,0.0,41.3,49.0,0,625,C,1600.0,2013-12-21,2011-01-24,45.15,0.255309774558,0.165327876174,0.177158243209,0.0126870691903,0.0222483447249,0.216298645367,1255.18138954,2.9095890411
13 Dec 1650.00 (SPX1321L1650-E),0.0,0.0,30.7,38.6,0,0,C,1650.0,2013-12-21,2011-01-24,34.65,0.229262987339,0.159068119653,0.172568550474,0.0126870691903,0.0222483447249,0.216298645367,1255.18138954,2.9095890411
13 Dec 1700.00 (SPX1321L1700-E),0.0,0.0,22.4,30.3,0,0,C,1700.0,2013-12-21,2011-01-24,26.35,0.205484631077,0.153556802928,0.168866724588,0.0126870691903,0.0222483447249,0.216298645367,1255.18138954,2.9095890411
13 Dec 925.00 (SPX1321X925-E),0.0,0.0,70.0,77.9,0,0,P,925.0,2013-12-21,2011-01-24,73.95,0.795972482038,0.266943470959,0.281162142013,0.0126870691903,0.0222483447249,0.216298645367,1255.18138954,2.9095890411
13 Dec 950.00 (SPX1321X950-E),87.3,0.0,75.5,83.2,0,1,P,950.0,2013-12-21,2011-01-24,79.35,0.774887531692,0.262285664447,0.275564842608,0.0126870691903,0.0222483447249,0.216298645367,1255.18138954,2.9095890411
13 Dec 975.00 (SPX1321X975-E),89.0,0.0,81.3,89.0,0,1,P,975.0,2013-12-21,2011-01-24,85.15,0.75321336923,0.257683867566,0.270427582559,0.0126870691903,0.0222483447249,0.216298645367,1255.18138954,2.9095890411
13 Dec 1000.00 (SPX1321X1000-E),95.0,0.0,87.5,95.2,0,420,P,1000.0,2013-12-21,2011-01-24,91.35,0.731057919597,0.253265107157,0.265517732019,0.0126870691903,0.0222483447249,0.216298645367,1255.18138954,2.9095890411
13 Dec 1025.00 (SPX1321X1025-E),0.0,0.0,94.1,101.8,0,0,P,1025.0,2013-12-21,2011-01-24,97.95,0.708527917062,0.248992370288,0.260806053946,0.0126870691903,0.0222483447249,0.216298645367,1255.18138954,2.9095890411
13 Dec 1050.00 (SPX1321X1050-E),117.35,0.0,101.0,108.7,0,303,P,1050.0,2013-12-21,2011-01-24,104.85,0.685727487394,0.244683642243,0.256100994384,0.0126870691903,0.0222483447249,0.216298645367,1255.18138954,2.9095890411
13 Dec 1075.00 (SPX1321X1075-E),0.0,0.0,108.2,115.9,0,0,P,1075.0,2013-12-21,2011-01-24,112.05,0.662756957179,0.240330528382,0.251396319959,0.0126870691903,0.0222483447249,0.216298645367,1255.18138954,2.9095890411
13 Dec 1100.00 (SPX1321X1100-E),132.5,0.0,115.9,123.6,0,1004,P,1100.0,2013-12-21,2011-01-24,119.75,0.639711883663,0.236204192365,0.246937978783,0.0126870691903,0.0222483447249,0.216298645367,1255.18138954,2.9095890411
13 Dec 1125.00 (SPX1321X1125-E),0.0,0.0,123.9,131.6,0,0,P,1125.0,2013-12-21,2011-01-24,127.75,0.616682293212,0.231982434978,0.24243976688,0.0126870691903,0.0222483447249,0.216298645367,1255.18138954,2.9095890411
13 Dec 1150.00 (SPX1321X1150-E),0.0,0.0,132.5,140.1,0,100,P,1150.0,2013-12-21,2011-01-24,136.3,0.593752112706,0.228052720603,0.238139119216,0.0126870691903,0.0222483447249,0.216298645367,1255.18138954,2.9095890411
13 Dec 1175.00 (SPX1321X1175-E),0.0,0.0,141.3,149.0,0,0,P,1175.0,2013-12-21,2011-01-24,145.15,0.570998775801,0.223873199339,0.233872993779,0.0126870691903,0.0222483447249,0.216298645367,1255.18138954,2.9095890411
13 Dec 1200.00 (SPX1321X1200-E),164.0,0.0,150.7,158.4,0,200,P,1200.0,2013-12-21,2011-01-24,154.55,0.548492984681,0.219943966515,0.229754049293,0.0126870691903,0.0222483447249,0.216298645367,1255.18138954,2.9095890411
13 Dec 1225.00 (SPX1321X1225-E),0.0,0.0,160.6,168.3,0,0,P,1225.0,2013-12-21,2011-01-24,164.45,0.526298607542,0.216104649618,0.225760986805,0.0126870691903,0.0222483447249,0.216298645367,1255.18138954,2.9095890411
13 Dec 1250.00 (SPX1321X1250-E),177.0,0.0,171.0,178.6,0,1205,P,1250.0,2013-12-21,2011-01-24,174.8,0.504472692325,0.212336830467,0.22175265893,0.0126870691903,0.0222483447249,0.216298645367,1255.18138954,2.9095890411
